player,goal_involvement(goals + assists),goals,assists,minutes_played,games_played,minutes_per_goal_involvement,games_per_goal_involvement,minutes_per_goal,games_per_assist,Chest,Counter attack goal,Deflected shot on goal,Direct free kick,Header,Left-footed shot,Long distance kick,Penalty,Right-footed shot,Solo run,Tap-in
Harry Kane,22.0,14.0,8.0,1604,18,72.9,0.8,114.6,2.2,0.0,0.0,0.0,0.0,2.0,0.0,1.0,2.0,6.0,0.0,1.0
Patrick Bamford,16.0,13.0,3.0,1598,20,99.9,1.2,122.9,6.7,0.0,0.0,0.0,0.0,1.0,6.0,0.0,2.0,0.0,0.0,0.0
Bruno Fernandes,16.0,9.0,7.0,1692,19,105.8,1.2,188.0,2.7,0.0,1.0,0.0,0.0,0.0,1.0,0.0,6.0,1.0,0.0,0.0
Marcus Rashford,15.0,8.0,7.0,1484,19,98.9,1.3,185.5,2.7,0.0,0.0,1.0,0.0,0.0,1.0,0.0,0.0,5.0,0.0,0.0
Mohamed Salah,14.0,9.0,5.0,1651,20,117.9,1.4,183.4,4.0,0.0,0.0,0.0,0.0,2.0,4.0,0.0,1.0,0.0,0.0,0.0
Heung-min Son,14.0,8.0,6.0,1609,19,114.9,1.4,201.1,3.2,0.0,1.0,0.0,0.0,1.0,0.0,0.0,1.0,2.0,0.0,0.0
Jamie Vardy,14.0,6.0,8.0,1488,18,106.3,1.3,248.0,2.2,0.0,0.0,0.0,0.0,0.0,1.0,0.0,2.0,2.0,0.0,0.0
Timo Werner,12.0,5.0,7.0,1374,18,114.5,1.5,274.8,2.6,0.0,0.0,0.0,0.0,0.0,0.0,0.0,0.0,4.0,0.0,0.0
Kevin De Bruyne,12.0,4.0,8.0,1012,12,84.3,1.0,253.0,1.5,0.0,0.0,0.0,0.0,0.0,1.0,0.0,2.0,0.0,0.0,0.0
Dominic Calvert-Lewin,11.0,11.0,0.0,1511,17,137.4,1.5,137.4,inf,0.0,0.0,0.0,0.0,3.0,0.0,0.0,0.0,5.0,0.0,0.0
Kelechi Iheanacho,11.0,9.0,2.0,943,14,85.7,1.3,104.8,7.0,0.0,0.0,0.0,0.0,1.0,5.0,0.0,0.0,1.0,0.0,0.0
Chris Wood,11.0,8.0,3.0,1242,14,112.9,1.3,155.2,4.7,0.0,0.0,0.0,0.0,1.0,0.0,0.0,1.0,4.0,0.0,0.0
Jack Harrison,11.0,6.0,5.0,1674,20,152.2,1.8,279.0,4.0,0.0,1.0,0.0,0.0,0.0,2.0,0.0,0.0,3.0,0.0,0.0
Gareth Bale,10.0,9.0,1.0,633,11,63.3,1.1,70.3,11.0,0.0,0.0,0.0,0.0,1.0,3.0,0.0,0.0,1.0,0.0,0.0
Ilkay Gündogan,10.0,8.0,2.0,1272,17,127.2,1.7,159.0,8.5,0.0,0.0,0.0,0.0,1.0,0.0,0.0,1.0,5.0,0.0,0.0
Raheem Sterling,10.0,5.0,5.0,1151,14,115.1,1.4,230.2,2.8,0.0,0.0,0.0,1.0,0.0,0.0,0.0,0.0,4.0,0.0,0.0
Sadio Mané,10.0,5.0,5.0,1386,18,138.6,1.8,277.2,3.6,0.0,0.0,0.0,0.0,1.0,1.0,0.0,0.0,2.0,0.0,0.0
Alexandre Lacazette,9.0,7.0,2.0,928,16,103.1,1.8,132.6,8.0,0.0,0.0,0.0,0.0,0.0,2.0,0.0,0.0,3.0,0.0,0.0
Danny Ings,9.0,7.0,2.0,1080,14,120.0,1.6,154.3,7.0,0.0,0.0,0.0,0.0,0.0,0.0,0.0,1.0,5.0,0.0,0.0
Riyad Mahrez,9.0,7.0,2.0,879,12,97.7,1.3,125.6,6.0,0.0,0.0,0.0,0.0,0.0,4.0,0.0,0.0,0.0,0.0,0.0
Che Adams,9.0,6.0,3.0,1281,18,142.3,2.0,213.5,6.0,0.0,0.0,0.0,0.0,0.0,0.0,0.0,0.0,6.0,0.0,0.0
Mason Mount,9.0,5.0,4.0,1521,19,169.0,2.1,304.2,4.8,0.0,0.0,0.0,0.0,0.0,2.0,0.0,1.0,2.0,0.0,0.0
Jack Grealish,9.0,3.0,6.0,1104,13,122.7,1.4,368.0,2.2,0.0,0.0,0.0,0.0,0.0,0.0,0.0,0.0,3.0,0.0,0.0
Nicolas Pépé,8.0,8.0,0.0,837,15,104.6,1.9,104.6,inf,0.0,0.0,0.0,0.0,0.0,3.0,0.0,0.0,3.0,0.0,0.0
Edinson Cavani,8.0,7.0,1.0,816,13,102.0,1.6,116.6,13.0,0.0,0.0,0.0,0.0,3.0,1.0,0.0,0.0,2.0,0.0,0.0
Gabriel Jesus,8.0,6.0,2.0,1132,16,141.5,2.0,188.7,8.0,0.0,0.0,0.0,0.0,1.0,1.0,0.0,0.0,3.0,0.0,0.0
James Maddison,8.0,5.0,3.0,1101,16,137.6,2.0,220.2,5.3,0.0,0.0,0.0,0.0,0.0,1.0,0.0,0.0,3.0,0.0,0.0
Jarrod Bowen,8.0,5.0,3.0,1283,20,160.4,2.5,256.6,6.7,0.0,0.0,0.0,0.0,0.0,2.0,0.0,0.0,0.0,0.0,0.0
Michail Antonio,8.0,5.0,3.0,1032,14,129.0,1.8,206.4,4.7,0.0,1.0,0.0,0.0,1.0,0.0,0.0,0.0,2.0,0.0,0.0
Raphinha,8.0,4.0,4.0,1267,17,158.4,2.1,316.8,4.2,0.0,1.0,0.0,1.0,0.0,1.0,0.0,0.0,1.0,0.0,0.0
Roberto Firmino,8.0,4.0,4.0,1388,18,173.5,2.2,347.0,4.5,0.0,1.0,0.0,0.0,0.0,0.0,0.0,0.0,2.0,0.0,0.0
Stuart Armstrong,8.0,3.0,5.0,1393,16,174.1,2.0,464.3,3.2,0.0,0.0,0.0,0.0,0.0,2.0,0.0,0.0,1.0,0.0,0.0
Ferran Torres,7.0,6.0,1.0,767,13,109.6,1.9,127.8,13.0,0.0,0.0,0.0,0.0,0.0,1.0,0.0,0.0,3.0,0.0,0.0
Pierre-Emerick Aubameyang,7.0,6.0,1.0,1286,16,183.7,2.3,214.3,16.0,0.0,1.0,0.0,0.0,0.0,0.0,0.0,0.0,4.0,0.0,0.0
Wilfried Zaha,7.0,6.0,1.0,1129,13,161.3,1.9,188.2,13.0,0.0,0.0,0.0,0.0,0.0,1.0,0.0,1.0,3.0,0.0,0.0
Harvey Barnes,7.0,5.0,2.0,887,12,126.7,1.7,177.4,6.0,0.0,1.0,0.0,0.0,0.0,2.0,0.0,0.0,1.0,0.0,0.0
Rodrigo,7.0,5.0,2.0,833,14,119.0,2.0,166.6,7.0,0.0,0.0,0.0,0.0,2.0,2.0,0.0,0.0,0.0,0.0,0.0
Bukayo Saka,7.0,4.0,3.0,1469,18,209.9,2.6,367.2,6.0,0.0,0.0,0.0,0.0,1.0,2.0,0.0,0.0,1.0,0.0,0.0
Callum Wilson,7.0,4.0,3.0,957,12,136.7,1.7,239.2,4.0,0.0,0.0,0.0,0.0,0.0,2.0,0.0,1.0,0.0,0.0,0.0
James Ward-Prowse,7.0,4.0,3.0,1620,18,231.4,2.6,405.0,6.0,0.0,0.0,0.0,2.0,0.0,0.0,0.0,1.0,0.0,0.0,0.0
Jesse Lingard,7.0,4.0,3.0,798,9,114.0,1.3,199.5,3.0,0.0,1.0,0.0,0.0,0.0,0.0,0.0,1.0,0.0,1.0,0.0
Kai Havertz,7.0,4.0,3.0,914,14,130.6,2.0,228.5,4.7,0.0,0.0,0.0,0.0,0.0,3.0,0.0,0.0,0.0,0.0,0.0
Phil Foden,7.0,4.0,3.0,813,13,116.1,1.9,203.2,4.3,0.0,1.0,0.0,0.0,0.0,1.0,0.0,0.0,2.0,0.0,0.0
Richarlison,7.0,4.0,3.0,1375,17,196.4,2.4,343.8,5.7,0.0,0.0,0.0,0.0,2.0,0.0,0.0,1.0,1.0,0.0,0.0
Ben Chilwell,7.0,3.0,4.0,1111,13,158.7,1.9,370.3,3.2,0.0,0.0,0.0,0.0,0.0,2.0,0.0,0.0,1.0,0.0,0.0
Eberechi Eze,7.0,3.0,4.0,1241,17,177.3,2.4,413.7,4.2,0.0,1.0,0.0,0.0,0.0,1.0,0.0,0.0,0.0,1.0,0.0
Mateusz Klich,7.0,2.0,5.0,1296,18,185.1,2.6,648.0,3.6,0.0,0.0,0.0,0.0,0.0,0.0,0.0,1.0,1.0,0.0,0.0
Saïd Benrahma,7.0,1.0,6.0,774,16,110.6,2.3,774.0,2.7,0.0,0.0,0.0,0.0,0.0,0.0,0.0,0.0,1.0,0.0,0.0
Anwar El Ghazi,6.0,6.0,0.0,713,12,118.8,2.0,118.8,inf,0.0,1.0,0.0,0.0,0.0,0.0,0.0,2.0,2.0,0.0,0.0
Christian Benteke,6.0,6.0,0.0,819,15,136.5,2.5,136.5,inf,0.0,0.0,0.0,0.0,2.0,1.0,0.0,0.0,2.0,0.0,0.0
Tomas Soucek,6.0,6.0,0.0,1800,20,300.0,3.3,300.0,inf,0.0,0.0,0.0,0.0,2.0,1.0,0.0,0.0,2.0,0.0,0.0
Anthony Martial,6.0,4.0,2.0,922,12,153.7,2.0,230.5,6.0,0.0,0.0,0.0,0.0,1.0,0.0,0.0,0.0,2.0,0.0,0.0
James Rodríguez,6.0,4.0,2.0,987,12,164.5,2.0,246.8,6.0,0.0,0.0,0.0,0.0,0.0,2.0,0.0,0.0,0.0,0.0,0.0
Ollie Watkins,6.0,4.0,2.0,1620,18,270.0,3.0,405.0,9.0,0.0,0.0,0.0,0.0,1.0,0.0,0.0,1.0,2.0,0.0,0.0
Bertrand Traoré,6.0,3.0,3.0,1142,17,190.3,2.8,380.7,5.7,0.0,1.0,0.0,0.0,0.0,1.0,0.0,0.0,1.0,0.0,0.0
Pedro Neto,6.0,3.0,3.0,1089,14,181.5,2.3,363.0,4.7,0.0,0.0,0.0,0.0,0.0,3.0,0.0,0.0,0.0,0.0,0.0
Allan Saint-Maximin,6.0,2.0,4.0,619,11,103.2,1.8,309.5,2.8,0.0,0.0,0.0,0.0,0.0,1.0,0.0,0.0,1.0,0.0,0.0
Leandro Trossard,6.0,2.0,4.0,1207,16,201.2,2.7,603.5,4.0,0.0,0.0,0.0,0.0,0.0,0.0,0.0,0.0,2.0,0.0,0.0
Paul Pogba,6.0,2.0,4.0,1047,13,174.5,2.2,523.5,3.2,0.0,0.0,0.0,0.0,0.0,1.0,0.0,0.0,1.0,0.0,0.0
Pascal Groß,6.0,1.0,5.0,1089,15,181.5,2.5,1089.0,3.0,0.0,0.0,0.0,0.0,0.0,0.0,0.0,1.0,0.0,0.0,0.0
Matheus Pereira,5.0,5.0,0.0,1303,16,260.6,3.2,260.6,inf,0.0,0.0,0.0,0.0,0.0,1.0,0.0,3.0,0.0,0.0,0.0
Jorginho,5.0,4.0,1.0,1082,16,216.4,3.2,270.5,16.0,0.0,0.0,0.0,0.0,0.0,0.0,0.0,3.0,0.0,0.0,0.0
Mason Greenwood,5.0,4.0,1.0,1024,16,204.8,3.2,256.0,16.0,0.0,0.0,0.0,0.0,1.0,2.0,0.0,0.0,0.0,0.0,0.0
Neal Maupay,5.0,4.0,1.0,1394,17,278.8,3.4,348.5,17.0,0.0,0.0,0.0,0.0,0.0,0.0,0.0,2.0,1.0,0.0,0.0
Christian Pulisic,5.0,3.0,2.0,738,11,147.6,2.2,246.0,5.5,0.0,0.0,0.0,0.0,0.0,1.0,0.0,0.0,1.0,0.0,0.0
Fábio Silva,5.0,3.0,2.0,568,14,113.6,2.8,189.3,7.0,0.0,0.0,0.0,0.0,0.0,0.0,0.0,1.0,2.0,0.0,0.0
Pablo Fornals,5.0,3.0,2.0,1271,17,254.2,3.4,423.7,8.5,0.0,0.0,0.0,0.0,0.0,0.0,0.0,0.0,2.0,0.0,0.0
Tammy Abraham,5.0,3.0,2.0,619,13,123.8,2.6,206.3,6.5,0.0,1.0,0.0,0.0,0.0,0.0,0.0,0.0,1.0,0.0,1.0
Jacob Murphy,5.0,2.0,3.0,521,10,104.2,2.0,260.5,3.3,0.0,0.0,0.0,1.0,0.0,0.0,0.0,0.0,1.0,0.0,0.0
Dwight McNeil,5.0,1.0,4.0,1507,17,301.4,3.4,1507.0,4.2,0.0,0.0,0.0,0.0,0.0,1.0,0.0,0.0,0.0,0.0,0.0
Gylfi Sigurdsson,5.0,1.0,4.0,1191,19,238.2,3.8,1191.0,4.8,0.0,0.0,0.0,0.0,0.0,0.0,0.0,0.0,1.0,0.0,0.0
Willian,5.0,1.0,4.0,712,13,142.4,2.6,712.0,3.2,0.0,0.0,0.0,1.0,0.0,0.0,0.0,0.0,0.0,0.0,0.0
Kurt Zouma,4.0,4.0,0.0,1080,12,270.0,3.0,270.0,inf,0.0,0.0,0.0,0.0,3.0,0.0,0.0,0.0,1.0,0.0,0.0
Lewis Dunk,4.0,4.0,0.0,1403,16,350.8,4.0,350.8,inf,0.0,0.0,0.0,0.0,4.0,0.0,0.0,0.0,0.0,0.0,0.0
Ashley Westwood,4.0,3.0,1.0,1620,18,405.0,4.5,540.0,18.0,0.0,0.0,0.0,0.0,0.0,1.0,0.0,0.0,2.0,0.0,0.0
Danny Welbeck,4.0,3.0,1.0,812,13,203.0,3.2,270.7,13.0,0.0,0.0,0.0,0.0,0.0,1.0,0.0,0.0,2.0,0.0,0.0
David McGoldrick,4.0,3.0,1.0,1183,17,295.8,4.2,394.3,17.0,0.0,0.0,0.0,0.0,0.0,1.0,0.0,0.0,2.0,0.0,0.0
Rúben Neves,4.0,3.0,1.0,1163,16,290.8,4.0,387.7,16.0,0.0,0.0,0.0,0.0,1.0,0.0,0.0,2.0,0.0,0.0,0.0
Aaron Wan-Bissaka,4.0,2.0,2.0,1620,18,405.0,4.5,810.0,9.0,0.0,0.0,0.0,0.0,0.0,0.0,0.0,0.0,2.0,0.0,0.0
Adama Traoré,4.0,2.0,2.0,1210,18,302.5,4.5,605.0,9.0,0.0,0.0,0.0,0.0,0.0,0.0,0.0,0.0,2.0,0.0,0.0
Hélder Costa,4.0,2.0,2.0,482,9,120.5,2.2,241.0,4.5,0.0,0.0,0.0,0.0,0.0,1.0,0.0,0.0,0.0,0.0,0.0
James Justin,4.0,2.0,2.0,1080,12,270.0,3.0,540.0,6.0,0.0,0.0,0.0,0.0,0.0,0.0,0.0,0.0,2.0,0.0,0.0
Jonny Evans,4.0,2.0,2.0,1350,15,337.5,3.8,675.0,7.5,0.0,0.0,0.0,0.0,2.0,0.0,0.0,0.0,0.0,0.0,0.0
João Cancelo,4.0,2.0,2.0,1157,15,289.2,3.8,578.5,7.5,0.0,0.0,0.0,0.0,0.0,1.0,0.0,0.0,1.0,0.0,0.0
Lucas Moura,4.0,2.0,2.0,754,13,188.5,3.2,377.0,6.5,0.0,0.0,0.0,0.0,0.0,2.0,0.0,0.0,0.0,0.0,0.0
Nathan Redmond,4.0,2.0,2.0,840,14,210.0,3.5,420.0,7.0,0.0,0.0,0.0,0.0,0.0,0.0,0.0,0.0,2.0,0.0,0.0
Stuart Dallas,4.0,2.0,2.0,1800,20,450.0,5.0,900.0,10.0,0.0,0.0,0.0,0.0,1.0,1.0,0.0,0.0,0.0,0.0,0.0
Theo Walcott,4.0,2.0,2.0,761,11,190.2,2.8,380.5,5.5,0.0,0.0,0.0,0.0,0.0,0.0,0.0,0.0,2.0,0.0,0.0
Timothy Castagne,4.0,2.0,2.0,1170,13,292.5,3.2,585.0,6.5,0.0,0.0,0.0,0.0,1.0,1.0,0.0,0.0,0.0,0.0,0.0
Tyrone Mings,4.0,2.0,2.0,1485,17,371.2,4.2,742.5,8.5,0.0,0.0,0.0,0.0,1.0,1.0,0.0,0.0,0.0,0.0,0.0
Aleksandar Mitrovic,4.0,1.0,3.0,935,14,233.8,3.5,935.0,4.7,0.0,0.0,0.0,0.0,0.0,1.0,0.0,0.0,0.0,0.0,0.0
Bernardo Silva,4.0,1.0,3.0,1246,15,311.5,3.8,1246.0,5.0,0.0,0.0,0.0,0.0,0.0,1.0,0.0,0.0,0.0,0.0,0.0
Hakim Ziyech,4.0,1.0,3.0,652,12,163.0,3.0,652.0,4.0,0.0,0.0,0.0,0.0,0.0,1.0,0.0,0.0,0.0,0.0,0.0
John McGinn,4.0,1.0,3.0,1530,17,382.5,4.2,1530.0,5.7,0.0,0.0,0.0,0.0,0.0,1.0,0.0,0.0,0.0,0.0,0.0
Marc Albrighton,4.0,1.0,3.0,738,16,184.5,4.0,738.0,5.3,0.0,0.0,0.0,0.0,0.0,0.0,0.0,0.0,1.0,0.0,0.0
Pierre-Emile Höjbjerg,4.0,1.0,3.0,1800,20,450.0,5.0,1800.0,6.7,0.0,0.0,0.0,0.0,0.0,0.0,0.0,0.0,1.0,0.0,0.0
Youri Tielemans,4.0,1.0,3.0,1741,20,435.2,5.0,1741.0,6.7,0.0,0.0,0.0,0.0,0.0,0.0,0.0,0.0,1.0,0.0,0.0
Billy Sharp,3.0,3.0,0.0,388,7,129.3,2.3,129.3,inf,0.0,0.0,0.0,0.0,0.0,0.0,0.0,2.0,1.0,0.0,0.0
Diogo Jota,3.0,3.0,0.0,680,10,226.7,3.3,226.7,inf,0.0,0.0,0.0,0.0,1.0,1.0,0.0,0.0,1.0,0.0,0.0
Joe Willock,3.0,3.0,0.0,724,11,241.3,3.7,241.3,inf,0.0,0.0,0.0,0.0,1.0,0.0,0.0,0.0,2.0,0.0,0.0
John Stones,3.0,3.0,0.0,1124,13,374.7,4.3,374.7,inf,0.0,0.0,0.0,0.0,1.0,0.0,0.0,0.0,1.0,0.0,0.0
Miguel Almirón,3.0,3.0,0.0,1111,14,370.3,4.7,370.3,inf,0.0,0.0,0.0,0.0,0.0,2.0,0.0,0.0,0.0,0.0,0.0
Olivier Giroud,3.0,3.0,0.0,476,11,158.7,3.7,158.7,inf,0.0,0.0,0.0,0.0,1.0,2.0,0.0,0.0,0.0,0.0,0.0
Sébastien Haller,3.0,3.0,0.0,507,8,169.0,2.7,169.0,inf,0.0,0.0,0.0,0.0,1.0,0.0,0.0,0.0,2.0,0.0,0.0
Aaron Connolly,3.0,2.0,1.0,451,9,150.3,3.0,225.5,9.0,0.0,0.0,0.0,0.0,0.0,0.0,0.0,0.0,2.0,0.0,0.0
Ayoze Pérez,3.0,2.0,1.0,766,14,255.3,4.7,383.0,14.0,0.0,1.0,0.0,0.0,0.0,0.0,0.0,0.0,1.0,0.0,0.0
Bobby Reid,3.0,2.0,1.0,1217,17,405.7,5.7,608.5,17.0,0.0,0.0,0.0,0.0,1.0,0.0,0.0,0.0,1.0,0.0,0.0
Conor Gallagher,3.0,2.0,1.0,1284,16,428.0,5.3,642.0,16.0,0.0,0.0,0.0,0.0,0.0,0.0,0.0,0.0,2.0,0.0,0.0
Daniel James,3.0,2.0,1.0,364,8,121.3,2.7,182.0,8.0,0.0,0.0,0.0,0.0,0.0,0.0,0.0,0.0,2.0,0.0,0.0
Ezgjan Alioski,3.0,2.0,1.0,1255,19,418.3,6.3,627.5,19.0,0.0,1.0,0.0,0.0,0.0,1.0,0.0,0.0,0.0,0.0,0.0
Gabriel Martinelli,3.0,2.0,1.0,413,8,137.7,2.7,206.5,8.0,0.0,0.0,0.0,0.0,0.0,1.0,0.0,0.0,1.0,0.0,0.0
Harry Maguire,3.0,2.0,1.0,1608,18,536.0,6.0,804.0,18.0,0.0,0.0,0.0,0.0,2.0,0.0,0.0,0.0,0.0,0.0,0.0
Kyle Bartley,3.0,2.0,1.0,1165,13,388.3,4.3,582.5,13.0,0.0,0.0,0.0,0.0,1.0,0.0,0.0,0.0,1.0,0.0,0.0
Matej Vydra,3.0,2.0,1.0,665,12,221.7,4.0,332.5,12.0,0.0,0.0,0.0,0.0,0.0,1.0,0.0,0.0,1.0,0.0,0.0
Matt Phillips,3.0,2.0,1.0,809,16,269.7,5.3,404.5,16.0,0.0,0.0,0.0,0.0,0.0,0.0,0.0,0.0,2.0,0.0,0.0
Tanguy Ndombélé,3.0,2.0,1.0,1170,18,390.0,6.0,585.0,18.0,0.0,0.0,0.0,0.0,0.0,0.0,0.0,0.0,2.0,0.0,0.0
Abdoulaye Doucouré,3.0,1.0,2.0,1336,16,445.3,5.3,1336.0,8.0,0.0,0.0,0.0,0.0,1.0,0.0,0.0,0.0,0.0,0.0,0.0
Callum Hudson-Odoi,3.0,1.0,2.0,673,14,224.3,4.7,673.0,7.0,0.0,0.0,0.0,0.0,0.0,0.0,0.0,0.0,1.0,0.0,0.0
Emile Smith Rowe,3.0,1.0,2.0,907,11,302.3,3.7,907.0,5.5,0.0,0.0,0.0,0.0,0.0,1.0,0.0,0.0,0.0,0.0,0.0
Jay Rodríguez,3.0,1.0,2.0,604,13,201.3,4.3,604.0,6.5,0.0,0.0,0.0,0.0,1.0,0.0,0.0,0.0,0.0,0.0,0.0
Joel Matip,3.0,1.0,2.0,375,5,125.0,1.7,375.0,2.5,0.0,0.0,0.0,0.0,1.0,0.0,0.0,0.0,0.0,0.0,0.0
Joelinton,3.0,1.0,2.0,902,14,300.7,4.7,902.0,7.0,0.0,1.0,0.0,0.0,0.0,0.0,0.0,0.0,0.0,0.0,0.0
Kieran Tierney,3.0,1.0,2.0,1095,13,365.0,4.3,1095.0,6.5,0.0,0.0,0.0,0.0,0.0,0.0,0.0,0.0,1.0,0.0,0.0
Mbaye Diagne,3.0,1.0,2.0,715,9,238.3,3.0,715.0,4.5,0.0,0.0,0.0,0.0,1.0,0.0,0.0,0.0,0.0,0.0,0.0
Rodri,3.0,1.0,2.0,1453,18,484.3,6.0,1453.0,9.0,0.0,0.0,0.0,0.0,1.0,0.0,0.0,0.0,0.0,0.0,0.0
Serge Aurier,3.0,1.0,2.0,599,7,199.7,2.3,599.0,3.5,0.0,0.0,0.0,0.0,1.0,0.0,0.0,0.0,0.0,0.0,0.0
Steven Bergwijn,3.0,1.0,2.0,474,11,158.0,3.7,474.0,5.5,0.0,0.0,0.0,0.0,0.0,0.0,0.0,0.0,1.0,0.0,0.0
Trent Alexander-Arnold,3.0,1.0,2.0,1531,19,510.3,6.3,1531.0,9.5,0.0,0.0,0.0,0.0,0.0,0.0,0.0,0.0,1.0,0.0,0.0
Ademola Lookman,2.0,2.0,0.0,1241,16,620.5,8.0,620.5,inf,0.0,0.0,0.0,0.0,0.0,1.0,0.0,0.0,1.0,0.0,0.0
Angelo Ogbonna,2.0,2.0,0.0,1503,17,751.5,8.5,751.5,inf,0.0,0.0,0.0,0.0,2.0,0.0,0.0,0.0,0.0,0.0,0.0
Ashley Barnes,2.0,2.0,0.0,685,11,342.5,5.5,342.5,inf,0.0,0.0,0.0,0.0,1.0,1.0,0.0,0.0,0.0,0.0,0.0
Ben Mee,2.0,2.0,0.0,1164,13,582.0,6.5,582.0,inf,0.0,0.0,0.0,0.0,2.0,0.0,0.0,0.0,0.0,0.0,0.0
Declan Rice,2.0,2.0,0.0,1530,17,765.0,8.5,765.0,inf,0.0,0.0,0.0,0.0,0.0,0.0,0.0,1.0,1.0,0.0,0.0
Ezri Konsa,2.0,2.0,0.0,1395,16,697.5,8.0,697.5,inf,0.0,0.0,0.0,0.0,1.0,0.0,0.0,0.0,1.0,0.0,0.0
Gabriel,2.0,2.0,0.0,1097,13,548.5,6.5,548.5,inf,0.0,0.0,0.0,0.0,2.0,0.0,0.0,0.0,0.0,0.0,0.0
Issa Diop,2.0,2.0,0.0,569,9,284.5,4.5,284.5,inf,0.0,0.0,0.0,0.0,2.0,0.0,0.0,0.0,0.0,0.0,0.0
Jairo Riedewald,2.0,2.0,0.0,998,16,499.0,8.0,499.0,inf,0.0,0.0,0.0,0.0,0.0,2.0,0.0,0.0,0.0,0.0,0.0
Jamaal Lascelles,2.0,2.0,0.0,718,8,359.0,4.0,359.0,inf,0.0,0.0,0.0,0.0,2.0,0.0,0.0,0.0,0.0,0.0,0.0
Jannik Vestergaard,2.0,2.0,0.0,1395,16,697.5,8.0,697.5,inf,0.0,0.0,0.0,0.0,2.0,0.0,0.0,0.0,0.0,0.0,0.0
Jayden Bogle,2.0,2.0,0.0,593,9,296.5,4.5,296.5,inf,0.0,0.0,0.0,0.0,0.0,2.0,0.0,0.0,0.0,0.0,0.0
Jóhann Berg Gudmundsson,2.0,2.0,0.0,659,10,329.5,5.0,329.5,inf,0.0,0.0,0.0,0.0,0.0,2.0,0.0,0.0,0.0,0.0,0.0
Michael Keane,2.0,2.0,0.0,1630,19,815.0,9.5,815.0,inf,0.0,0.0,0.0,0.0,1.0,0.0,0.0,0.0,0.0,0.0,1.0
Ola Aina,2.0,2.0,0.0,1262,15,631.0,7.5,631.0,inf,1.0,0.0,0.0,0.0,0.0,1.0,0.0,0.0,0.0,0.0,0.0
Raúl Jiménez,2.0,2.0,0.0,450,5,225.0,2.5,225.0,inf,0.0,0.0,0.0,0.0,0.0,0.0,0.0,0.0,2.0,0.0,0.0
Romain Saïss,2.0,2.0,0.0,1238,14,619.0,7.0,619.0,inf,0.0,0.0,0.0,0.0,2.0,0.0,0.0,0.0,0.0,0.0,0.0
Sergio Agüero,2.0,2.0,0.0,225,5,112.5,2.5,112.5,inf,0.0,0.0,0.0,0.0,0.0,0.0,0.0,1.0,1.0,0.0,0.0
Takumi Minamino,2.0,2.0,0.0,754,12,377.0,6.0,377.0,inf,0.0,0.0,0.0,0.0,0.0,1.0,0.0,0.0,1.0,0.0,0.0
Trezeguet,2.0,2.0,0.0,540,10,270.0,5.0,270.0,inf,0.0,0.0,0.0,0.0,0.0,1.0,0.0,0.0,0.0,0.0,0.0
Alex Iwobi,2.0,1.0,1.0,843,16,421.5,8.0,843.0,16.0,0.0,0.0,0.0,0.0,0.0,0.0,0.0,0.0,1.0,0.0,0.0
Alex Oxlade-Chamberlain,2.0,1.0,1.0,183,9,91.5,4.5,183.0,9.0,0.0,0.0,0.0,0.0,0.0,1.0,0.0,0.0,0.0,0.0,0.0
Benjamin Mendy,2.0,1.0,1.0,550,8,275.0,4.0,550.0,8.0,0.0,0.0,0.0,0.0,0.0,1.0,0.0,0.0,0.0,0.0,0.0
Conor Hourihane,2.0,1.0,1.0,154,3,77.0,1.5,154.0,3.0,0.0,0.0,0.0,0.0,0.0,0.0,0.0,0.0,1.0,0.0,0.0
César Azpilicueta,2.0,1.0,1.0,1129,14,564.5,7.0,1129.0,14.0,0.0,0.0,0.0,0.0,0.0,0.0,0.0,0.0,1.0,0.0,0.0
Daniel Podence,2.0,1.0,1.0,927,13,463.5,6.5,927.0,13.0,0.0,0.0,0.0,0.0,0.0,1.0,0.0,0.0,0.0,0.0,0.0
Darnell Furlong,2.0,1.0,1.0,1357,16,678.5,8.0,1357.0,16.0,0.0,0.0,0.0,0.0,0.0,0.0,0.0,0.0,1.0,0.0,0.0
Dennis Praet,2.0,1.0,1.0,438,9,219.0,4.5,438.0,9.0,0.0,0.0,0.0,0.0,0.0,0.0,0.0,0.0,1.0,0.0,0.0
Donny van de Beek,2.0,1.0,1.0,321,13,160.5,6.5,321.0,13.0,0.0,0.0,0.0,0.0,0.0,0.0,0.0,0.0,1.0,0.0,0.0
Eddie Nketiah,2.0,1.0,1.0,188,8,94.0,4.0,188.0,8.0,0.0,0.0,0.0,0.0,0.0,0.0,0.0,0.0,0.0,0.0,1.0
Gary Cahill,2.0,1.0,1.0,810,9,405.0,4.5,810.0,9.0,0.0,0.0,0.0,0.0,1.0,0.0,0.0,0.0,0.0,0.0,0.0
Jonjo Shelvey,2.0,1.0,1.0,1332,15,666.0,7.5,1332.0,15.0,0.0,0.0,0.0,0.0,0.0,0.0,0.0,0.0,1.0,0.0,0.0
Jordan Henderson,2.0,1.0,1.0,756,9,378.0,4.5,756.0,9.0,0.0,0.0,0.0,0.0,0.0,0.0,0.0,0.0,1.0,0.0,0.0
Joël Veltman,2.0,1.0,1.0,1175,15,587.5,7.5,1175.0,15.0,0.0,0.0,0.0,0.0,0.0,1.0,0.0,0.0,0.0,0.0,0.0
Juan Mata,2.0,1.0,1.0,253,5,126.5,2.5,253.0,5.0,0.0,0.0,0.0,0.0,0.0,0.0,0.0,1.0,0.0,0.0,0.0
Keinan Davis,2.0,1.0,1.0,96,8,48.0,4.0,96.0,8.0,0.0,0.0,0.0,0.0,0.0,1.0,0.0,0.0,0.0,0.0,0.0
Kyle Walker,2.0,1.0,1.0,943,12,471.5,6.0,943.0,12.0,0.0,0.0,0.0,0.0,0.0,0.0,0.0,0.0,1.0,0.0,0.0
Matthew Lowton,2.0,1.0,1.0,1350,15,675.0,7.5,1350.0,15.0,0.0,0.0,0.0,0.0,0.0,0.0,0.0,0.0,1.0,0.0,0.0
Nathan Tella,2.0,1.0,1.0,193,5,96.5,2.5,193.0,5.0,0.0,0.0,0.0,0.0,0.0,0.0,0.0,0.0,1.0,0.0,0.0
Oriol Romeu,2.0,1.0,1.0,985,11,492.5,5.5,985.0,11.0,0.0,0.0,0.0,0.0,0.0,0.0,0.0,0.0,1.0,0.0,0.0
Reece James,2.0,1.0,1.0,1126,16,563.0,8.0,1126.0,16.0,0.0,0.0,0.0,0.0,0.0,0.0,0.0,0.0,1.0,0.0,0.0
Tyler Roberts,2.0,1.0,1.0,716,15,358.0,7.5,716.0,15.0,0.0,0.0,0.0,0.0,0.0,0.0,0.0,0.0,1.0,0.0,0.0
Tyrick Mitchell,2.0,1.0,1.0,720,8,360.0,4.0,720.0,8.0,1.0,0.0,0.0,0.0,0.0,0.0,0.0,0.0,0.0,0.0,0.0
Willy Boly,2.0,1.0,1.0,810,9,405.0,4.5,810.0,9.0,0.0,0.0,0.0,0.0,0.0,0.0,0.0,0.0,1.0,0.0,0.0
Alexis Mac Allister,1.0,1.0,0.0,451,9,451.0,9.0,451.0,inf,0.0,0.0,0.0,0.0,0.0,0.0,0.0,0.0,1.0,0.0,0.0
Alisson,1.0,1.0,0.0,1440,16,1440.0,16.0,1440.0,inf,0.0,0.0,0.0,0.0,1.0,0.0,0.0,0.0,0.0,0.0,0.0
Anthony Elanga,1.0,1.0,0.0,90,1,90.0,1.0,90.0,inf,0.0,0.0,0.0,0.0,1.0,0.0,0.0,0.0,0.0,0.0,0.0
Ben Johnson,1.0,1.0,0.0,336,6,336.0,6.0,336.0,inf,0.0,0.0,0.0,0.0,0.0,0.0,0.0,0.0,1.0,0.0,0.0
Callum Robinson,1.0,1.0,0.0,637,14,637.0,14.0,637.0,inf,0.0,0.0,0.0,0.0,0.0,1.0,0.0,0.0,0.0,0.0,0.0
Carlos Vinícius,1.0,1.0,0.0,212,7,212.0,7.0,212.0,inf,0.0,0.0,0.0,0.0,0.0,0.0,0.0,0.0,1.0,0.0,0.0
Craig Dawson,1.0,1.0,0.0,1116,13,1116.0,13.0,1116.0,inf,0.0,0.0,0.0,0.0,1.0,0.0,0.0,0.0,0.0,0.0,0.0
Curtis Jones,1.0,1.0,0.0,561,12,561.0,12.0,561.0,inf,0.0,0.0,0.0,0.0,0.0,0.0,0.0,0.0,1.0,0.0,0.0
Daniel Amartey,1.0,1.0,0.0,298,5,298.0,5.0,298.0,inf,0.0,0.0,0.0,0.0,1.0,0.0,0.0,0.0,0.0,0.0,0.0
Dwight Gayle,1.0,1.0,0.0,308,9,308.0,9.0,308.0,inf,0.0,0.0,0.0,0.0,1.0,0.0,0.0,0.0,0.0,0.0,0.0
Fabian Schär,1.0,1.0,0.0,601,9,601.0,9.0,601.0,inf,0.0,0.0,0.0,0.0,0.0,0.0,0.0,1.0,0.0,0.0,0.0
Fábio Carvalho,1.0,1.0,0.0,180,2,180.0,2.0,180.0,inf,0.0,0.0,0.0,0.0,0.0,0.0,0.0,0.0,1.0,0.0,0.0
Georginio Wijnaldum,1.0,1.0,0.0,1515,20,1515.0,20.0,1515.0,inf,0.0,1.0,0.0,0.0,0.0,0.0,0.0,0.0,0.0,0.0,0.0
Ivan Cavaleiro,1.0,1.0,0.0,973,16,973.0,16.0,973.0,inf,0.0,0.0,0.0,0.0,1.0,0.0,0.0,0.0,0.0,0.0,0.0
Jean-Philippe Mateta,1.0,1.0,0.0,101,3,101.0,3.0,101.0,inf,0.0,0.0,0.0,0.0,0.0,0.0,0.0,0.0,1.0,0.0,0.0
Jeffrey Schlupp,1.0,1.0,0.0,821,13,821.0,13.0,821.0,inf,0.0,0.0,0.0,0.0,0.0,0.0,0.0,0.0,1.0,0.0,0.0
Kalvin Phillips,1.0,1.0,0.0,1123,13,1123.0,13.0,1123.0,inf,0.0,0.0,0.0,1.0,0.0,0.0,0.0,0.0,0.0,0.0,0.0
Karlan Grant,1.0,1.0,0.0,607,10,607.0,10.0,607.0,inf,0.0,0.0,0.0,0.0,0.0,0.0,0.0,0.0,1.0,0.0,0.0
Kortney Hause,1.0,1.0,0.0,360,4,360.0,4.0,360.0,inf,0.0,0.0,0.0,0.0,1.0,0.0,0.0,0.0,0.0,0.0,0.0
Luka Milivojevic,1.0,1.0,0.0,1143,15,1143.0,15.0,1143.0,inf,0.0,0.0,0.0,0.0,0.0,0.0,0.0,1.0,0.0,0.0,0.0
Marcos Alonso,1.0,1.0,0.0,599,9,599.0,9.0,599.0,inf,0.0,0.0,0.0,0.0,0.0,1.0,0.0,0.0,0.0,0.0,0.0
Mohamed Elneny,1.0,1.0,0.0,920,13,920.0,13.0,920.0,inf,0.0,0.0,0.0,0.0,0.0,0.0,0.0,0.0,1.0,0.0,0.0
Morgan Gibbs-White,1.0,1.0,0.0,167,5,167.0,5.0,167.0,inf,0.0,0.0,0.0,0.0,0.0,0.0,0.0,0.0,1.0,0.0,0.0
Moussa Djenepo,1.0,1.0,0.0,433,13,433.0,13.0,433.0,inf,0.0,0.0,0.0,0.0,0.0,1.0,0.0,0.0,0.0,0.0,0.0
Nathaniel Phillips,1.0,1.0,0.0,990,11,990.0,11.0,990.0,inf,0.0,0.0,0.0,0.0,1.0,0.0,0.0,0.0,0.0,0.0,0.0
Rayan Aït Nouri,1.0,1.0,0.0,799,11,799.0,11.0,799.0,inf,0.0,0.0,0.0,0.0,0.0,1.0,0.0,0.0,0.0,0.0,0.0
Ross Barkley,1.0,1.0,0.0,608,11,608.0,11.0,608.0,inf,0.0,0.0,0.0,0.0,1.0,0.0,0.0,0.0,0.0,0.0,0.0
Ryan Fredericks,1.0,1.0,0.0,340,8,340.0,8.0,340.0,inf,0.0,0.0,0.0,0.0,0.0,0.0,0.0,0.0,1.0,0.0,0.0
Scott McTominay,1.0,1.0,0.0,703,15,703.0,15.0,703.0,inf,0.0,0.0,0.0,0.0,0.0,0.0,0.0,0.0,1.0,0.0,0.0
Semi Ajayi,1.0,1.0,0.0,1115,14,1115.0,14.0,1115.0,inf,0.0,0.0,0.0,0.0,1.0,0.0,0.0,0.0,0.0,0.0,0.0
Solly March,1.0,1.0,0.0,778,9,778.0,9.0,778.0,inf,0.0,0.0,0.0,0.0,0.0,0.0,0.0,0.0,1.0,0.0,0.0
Thiago,1.0,1.0,0.0,887,12,887.0,12.0,887.0,inf,0.0,0.0,0.0,0.0,0.0,0.0,0.0,0.0,1.0,0.0,0.0
Thiago Silva,1.0,1.0,0.0,912,11,912.0,11.0,912.0,inf,0.0,0.0,0.0,0.0,1.0,0.0,0.0,0.0,0.0,0.0,0.0
Tom Cairney,1.0,1.0,0.0,515,6,515.0,6.0,515.0,inf,0.0,0.0,0.0,0.0,0.0,1.0,0.0,0.0,0.0,0.0,0.0
Willian José,1.0,1.0,0.0,605,8,605.0,8.0,605.0,inf,0.0,0.0,0.0,0.0,0.0,0.0,0.0,0.0,1.0,0.0,0.0
Yerry Mina,1.0,1.0,0.0,1138,13,1138.0,13.0,1138.0,inf,0.0,0.0,0.0,0.0,1.0,0.0,0.0,0.0,0.0,0.0,0.0
