player,goal_involvement(goals + assists),goals,assists,minutes_played,games_played,minutes_per_goal_involvement,games_per_goal_involvement,minutes_per_goal,games_per_assist,away_goals,home_goals,Chest,Counter attack goal,Deflected shot on goal,Direct corner,Direct free kick,Header,Left-footed shot,Long distance kick,Penalty,Penalty rebound,Right-footed shot,Solo run,Tap-in
Harry Kane,37.0,23.0,14.0,3086,35,83.4,0.9,134.2,2.5,12.0,11.0,0.0,1.0,0.0,0.0,0.0,2.0,1.0,1.0,3.0,0.0,9.0,0.0,1.0
Bruno Fernandes,29.0,18.0,11.0,3109,37,107.2,1.3,172.7,3.4,9.0,9.0,0.0,1.0,0.0,0.0,0.0,1.0,1.0,0.0,8.0,0.0,5.0,0.0,0.0
Mohamed Salah,27.0,22.0,5.0,3082,37,114.1,1.4,140.1,7.4,13.0,9.0,0.0,1.0,0.0,0.0,0.0,2.0,8.0,0.0,5.0,0.0,1.0,0.0,0.0
Heung-min Son,27.0,17.0,10.0,3126,37,115.8,1.4,183.9,3.7,9.0,8.0,0.0,1.0,0.0,0.0,0.0,1.0,3.0,0.0,1.0,0.0,7.0,0.0,0.0
Patrick Bamford,25.0,17.0,8.0,3063,38,122.5,1.5,180.2,4.8,10.0,7.0,0.0,0.0,0.0,0.0,0.0,1.0,9.0,0.0,2.0,0.0,1.0,0.0,0.0
Jamie Vardy,24.0,15.0,9.0,2844,34,118.5,1.4,189.6,3.8,9.0,6.0,0.0,0.0,0.0,0.0,0.0,1.0,1.0,0.0,5.0,0.0,4.0,0.0,0.0
Marcus Rashford,22.0,11.0,11.0,2924,37,132.9,1.7,265.8,3.4,6.0,5.0,0.0,0.0,1.0,0.0,0.0,0.0,2.0,0.0,0.0,0.0,7.0,0.0,0.0
Ollie Watkins,19.0,14.0,5.0,3329,37,175.2,1.9,237.8,7.4,6.0,8.0,0.0,0.0,0.0,0.0,0.0,2.0,3.0,0.0,1.0,0.0,5.0,0.0,0.0
Sadio Mané,19.0,11.0,8.0,2812,35,148.0,1.8,255.6,4.4,6.0,5.0,0.0,0.0,0.0,0.0,0.0,2.0,3.0,0.0,0.0,0.0,4.0,0.0,0.0
Dominic Calvert-Lewin,18.0,16.0,2.0,2876,33,159.8,1.8,179.8,16.5,9.0,7.0,0.0,0.0,0.0,0.0,0.0,6.0,1.0,0.0,0.0,0.0,6.0,0.0,0.0
Raheem Sterling,18.0,10.0,8.0,2536,31,140.9,1.7,253.6,3.9,6.0,4.0,0.0,0.0,0.0,0.0,1.0,2.0,2.0,0.0,0.0,0.0,5.0,0.0,0.0
Jack Grealish,18.0,6.0,12.0,2185,26,121.4,1.4,364.2,2.2,3.0,3.0,0.0,0.0,0.0,0.0,0.0,0.0,0.0,0.0,0.0,0.0,5.0,0.0,0.0
Kevin De Bruyne,18.0,6.0,12.0,2001,25,111.2,1.4,333.5,2.1,2.0,4.0,0.0,1.0,0.0,0.0,0.0,0.0,1.0,0.0,2.0,0.0,1.0,0.0,0.0
Timo Werner,18.0,6.0,12.0,2606,35,144.8,1.9,434.3,2.9,2.0,4.0,0.0,0.0,0.0,0.0,0.0,0.0,0.0,0.0,0.0,0.0,5.0,0.0,0.0
Callum Wilson,17.0,12.0,5.0,2085,26,122.6,1.5,173.8,5.2,7.0,5.0,0.0,1.0,0.0,0.0,0.0,1.0,2.0,0.0,3.0,0.0,1.0,0.0,0.0
Matheus Pereira,17.0,11.0,6.0,2583,33,151.9,1.9,234.8,5.5,8.0,3.0,0.0,1.0,0.0,1.0,1.0,0.0,3.0,0.0,3.0,0.0,0.0,0.0,0.0
Ilkay Gündogan,16.0,13.0,3.0,2031,28,126.9,1.8,156.2,9.3,6.0,7.0,0.0,0.0,0.0,0.0,0.0,1.0,1.0,0.0,1.0,0.0,7.0,0.0,0.0
Danny Ings,16.0,12.0,4.0,2185,29,136.6,1.8,182.1,7.2,5.0,7.0,0.0,0.0,0.0,0.0,0.0,1.0,1.0,0.0,1.0,0.0,7.0,0.0,0.0
Roberto Firmino,16.0,9.0,7.0,2852,36,178.2,2.2,316.9,5.1,6.0,3.0,0.0,1.0,0.0,0.0,0.0,3.0,0.0,0.0,0.0,0.0,3.0,0.0,0.0
Jack Harrison,16.0,8.0,8.0,2855,36,178.4,2.2,356.9,4.5,5.0,3.0,0.0,2.0,0.0,0.0,0.0,0.0,2.0,0.0,0.0,0.0,4.0,0.0,0.0
Alexandre Lacazette,15.0,13.0,2.0,1929,31,128.6,2.1,148.4,15.5,10.0,3.0,0.0,0.0,0.0,0.0,0.0,2.0,3.0,0.0,3.0,0.0,3.0,0.0,0.0
Chris Wood,15.0,12.0,3.0,2751,33,183.4,2.2,229.2,11.0,7.0,5.0,0.0,0.0,0.0,0.0,0.0,1.0,0.0,0.0,2.0,0.0,6.0,0.0,0.0
Michail Antonio,15.0,10.0,5.0,1983,26,132.2,1.7,198.3,5.2,6.0,4.0,0.0,1.0,0.0,0.0,0.0,2.0,2.0,0.0,0.0,0.0,4.0,0.0,0.0
Riyad Mahrez,15.0,9.0,6.0,1955,27,130.3,1.8,217.2,4.5,2.0,7.0,0.0,0.0,0.0,0.0,0.0,0.0,5.0,0.0,0.0,0.0,1.0,0.0,0.0
James Maddison,15.0,8.0,7.0,2105,31,140.3,2.1,263.1,4.4,3.0,5.0,0.0,0.0,0.0,0.0,1.0,0.0,1.0,0.0,0.0,0.0,5.0,0.0,0.0
James Ward-Prowse,15.0,8.0,7.0,3420,38,228.0,2.5,427.5,5.4,5.0,3.0,0.0,0.0,0.0,0.0,3.0,0.0,0.0,0.0,3.0,0.0,1.0,0.0,0.0
Raphinha,15.0,6.0,9.0,2364,30,157.6,2.0,394.0,3.3,4.0,2.0,0.0,1.0,0.0,0.0,1.0,0.0,3.0,0.0,0.0,0.0,1.0,0.0,0.0
Kelechi Iheanacho,14.0,12.0,2.0,1457,25,104.1,1.8,121.4,12.5,6.0,6.0,0.0,0.0,0.0,0.0,0.0,1.0,7.0,0.0,0.0,0.0,1.0,0.0,0.0
Che Adams,14.0,9.0,5.0,2674,36,191.0,2.6,297.1,7.2,3.0,6.0,0.0,0.0,0.0,0.0,0.0,0.0,1.0,0.0,0.0,0.0,8.0,0.0,0.0
Jesse Lingard,14.0,9.0,5.0,1425,16,101.8,1.1,158.3,3.2,4.0,5.0,0.0,1.0,0.0,0.0,0.0,0.0,2.0,0.0,1.0,0.0,2.0,1.0,0.0
Phil Foden,14.0,9.0,5.0,1614,28,115.3,2.0,179.3,5.6,7.0,2.0,0.0,1.0,0.0,0.0,0.0,0.0,4.0,0.0,0.0,0.0,4.0,0.0,0.0
Bertrand Traoré,14.0,7.0,7.0,2335,36,166.8,2.6,333.6,5.1,2.0,5.0,0.0,1.0,0.0,0.0,0.0,0.0,5.0,0.0,0.0,0.0,1.0,0.0,0.0
Gareth Bale,13.0,11.0,2.0,922,20,70.9,1.5,83.8,10.0,2.0,9.0,0.0,0.0,0.0,0.0,0.0,1.0,4.0,0.0,0.0,0.0,1.0,0.0,0.0
Wilfried Zaha,13.0,11.0,2.0,2614,30,201.1,2.3,237.6,15.0,6.0,5.0,0.0,1.0,0.0,0.0,0.0,0.0,1.0,0.0,2.0,0.0,4.0,0.0,0.0
Edinson Cavani,13.0,10.0,3.0,1368,26,105.2,2.0,136.8,8.7,6.0,4.0,0.0,1.0,0.0,0.0,0.0,5.0,1.0,0.0,0.0,0.0,2.0,0.0,0.0
Pierre-Emerick Aubameyang,13.0,10.0,3.0,2337,29,179.8,2.2,233.7,9.7,4.0,6.0,0.0,1.0,0.0,0.0,0.0,0.0,0.0,0.0,1.0,0.0,5.0,0.0,0.0
Gabriel Jesus,13.0,9.0,4.0,2059,29,158.4,2.2,228.8,7.2,4.0,5.0,0.0,1.0,0.0,0.0,0.0,1.0,2.0,0.0,0.0,0.0,4.0,0.0,0.0
Harvey Barnes,13.0,9.0,4.0,1950,25,150.0,1.9,216.7,6.2,3.0,6.0,0.0,2.0,0.0,0.0,0.0,0.0,3.0,0.0,0.0,0.0,3.0,0.0,0.0
Jarrod Bowen,13.0,8.0,5.0,2577,38,198.2,2.9,322.1,7.6,2.0,6.0,0.0,1.0,0.0,0.0,0.0,0.0,3.0,0.0,0.0,0.0,1.0,0.0,0.0
Mason Mount,12.0,6.0,6.0,2894,36,241.2,3.0,482.3,6.0,5.0,1.0,0.0,0.0,0.0,0.0,0.0,0.0,2.0,0.0,1.0,0.0,3.0,0.0,0.0
Christian Benteke,11.0,10.0,1.0,1817,30,165.2,2.7,181.7,30.0,7.0,3.0,0.0,0.0,0.0,0.0,0.0,6.0,1.0,0.0,0.0,0.0,2.0,0.0,0.0
Nicolas Pépé,11.0,10.0,1.0,1612,29,146.5,2.6,161.2,29.0,6.0,4.0,0.0,0.0,0.0,0.0,0.0,0.0,4.0,0.0,1.0,0.0,3.0,0.0,0.0
Tomas Soucek,11.0,10.0,1.0,3420,38,310.9,3.5,342.0,38.0,6.0,4.0,0.0,0.0,0.0,0.0,0.0,3.0,1.0,0.0,0.0,0.0,5.0,0.0,0.0
Gylfi Sigurdsson,11.0,6.0,5.0,2254,36,204.9,3.3,375.7,7.2,3.0,3.0,0.0,0.0,0.0,0.0,0.0,0.0,0.0,0.0,3.0,0.0,2.0,0.0,0.0
James Rodríguez,11.0,6.0,5.0,1776,23,161.5,2.1,296.0,4.6,1.0,5.0,0.0,0.0,0.0,0.0,0.0,0.0,3.0,0.0,0.0,0.0,1.0,0.0,0.0
Pedro Neto,11.0,5.0,6.0,2560,31,232.7,2.8,512.0,5.2,2.0,3.0,0.0,1.0,0.0,0.0,0.0,0.0,3.0,0.0,0.0,0.0,1.0,0.0,0.0
Pascal Groß,11.0,3.0,8.0,2480,34,225.5,3.1,826.7,4.2,0.0,3.0,0.0,0.0,0.0,0.0,0.0,0.0,0.0,0.0,3.0,0.0,0.0,0.0,0.0
Anwar El Ghazi,10.0,10.0,0.0,1612,28,161.2,2.8,161.2,inf,7.0,3.0,0.0,1.0,0.0,0.0,0.0,0.0,1.0,0.0,3.0,0.0,4.0,0.0,0.0
Neal Maupay,10.0,8.0,2.0,2520,33,252.0,3.3,315.0,16.5,5.0,3.0,0.0,0.0,0.0,0.0,0.0,0.0,0.0,0.0,3.0,0.0,4.0,0.0,0.0
Stuart Dallas,10.0,8.0,2.0,3411,38,341.1,3.8,426.4,19.0,4.0,4.0,0.0,0.0,0.0,0.0,0.0,1.0,1.0,0.0,0.0,0.0,5.0,0.0,0.0
Richarlison,10.0,7.0,3.0,2872,34,287.2,3.4,410.3,11.3,4.0,3.0,0.0,0.0,0.0,0.0,0.0,2.0,0.0,0.0,1.0,0.0,3.0,0.0,0.0
Youri Tielemans,10.0,6.0,4.0,3358,38,335.8,3.8,559.7,9.5,5.0,1.0,0.0,0.0,0.0,0.0,0.0,0.0,1.0,0.0,1.0,0.0,3.0,0.0,0.0
Leandro Trossard,10.0,5.0,5.0,2618,35,261.8,3.5,523.6,7.0,1.0,4.0,0.0,0.0,0.0,0.0,0.0,0.0,1.0,0.0,0.0,0.0,4.0,0.0,0.0
Anthony Martial,10.0,4.0,6.0,1488,22,148.8,2.2,372.0,3.7,1.0,3.0,0.0,0.0,0.0,0.0,0.0,1.0,0.0,0.0,0.0,0.0,2.0,0.0,0.0
Eberechi Eze,10.0,4.0,6.0,2563,34,256.3,3.4,640.8,5.7,1.0,3.0,0.0,1.0,0.0,0.0,1.0,0.0,1.0,0.0,0.0,0.0,0.0,1.0,0.0
Diogo Jota,9.0,9.0,0.0,1113,19,123.7,2.1,123.7,inf,5.0,4.0,0.0,0.0,0.0,0.0,0.0,3.0,1.0,0.0,0.0,0.0,4.0,0.0,0.0
David McGoldrick,9.0,8.0,1.0,2402,35,266.9,3.9,300.2,35.0,2.0,6.0,0.0,0.0,0.0,0.0,0.0,1.0,2.0,0.0,0.0,0.0,4.0,0.0,0.0
Ferran Torres,9.0,7.0,2.0,1307,24,145.2,2.7,186.7,12.0,4.0,3.0,0.0,0.0,0.0,0.0,0.0,0.0,1.0,0.0,0.0,0.0,4.0,0.0,0.0
Mason Greenwood,9.0,7.0,2.0,1826,31,202.9,3.4,260.9,15.5,3.0,4.0,0.0,0.0,0.0,0.0,0.0,1.0,3.0,0.0,0.0,0.0,2.0,0.0,0.0
Rodrigo,9.0,7.0,2.0,1288,26,143.1,2.9,184.0,13.0,3.0,4.0,0.0,0.0,0.0,0.0,0.0,2.0,3.0,0.0,0.0,0.0,1.0,0.0,0.0
Danny Welbeck,9.0,6.0,3.0,1549,24,172.1,2.7,258.2,8.0,2.0,4.0,0.0,0.0,0.0,0.0,0.0,1.0,2.0,0.0,0.0,0.0,3.0,0.0,0.0
Bukayo Saka,9.0,5.0,4.0,2561,32,284.6,3.6,512.2,8.0,2.0,3.0,0.0,0.0,0.0,0.0,0.0,1.0,2.0,0.0,0.0,0.0,2.0,0.0,0.0
Pablo Fornals,9.0,5.0,4.0,2584,33,287.1,3.7,516.8,8.2,3.0,2.0,0.0,0.0,0.0,0.0,0.0,0.0,1.0,0.0,0.0,0.0,3.0,0.0,0.0
Kai Havertz,9.0,4.0,5.0,1520,27,168.9,3.0,380.0,5.4,1.0,3.0,0.0,0.0,0.0,0.0,0.0,0.0,3.0,0.0,0.0,0.0,0.0,0.0,0.0
Mateusz Klich,9.0,4.0,5.0,2397,35,266.3,3.9,599.2,7.0,2.0,2.0,0.0,0.0,0.0,0.0,0.0,0.0,0.0,0.0,2.0,0.0,2.0,0.0,0.0
Stuart Armstrong,9.0,4.0,5.0,2774,33,308.2,3.7,693.5,6.6,0.0,4.0,0.0,0.0,0.0,0.0,0.0,0.0,2.0,0.0,0.0,0.0,2.0,0.0,0.0
John McGinn,9.0,3.0,6.0,3330,37,370.0,4.1,1110.0,6.2,1.0,2.0,0.0,0.0,0.0,0.0,0.0,0.0,3.0,0.0,0.0,0.0,0.0,0.0,0.0
Trent Alexander-Arnold,9.0,2.0,7.0,3033,36,337.0,4.0,1516.5,5.1,1.0,1.0,0.0,0.0,0.0,0.0,0.0,0.0,0.0,0.0,0.0,0.0,2.0,0.0,0.0
Joe Willock,8.0,8.0,0.0,1214,21,151.8,2.6,151.8,inf,3.0,5.0,0.0,0.0,0.0,0.0,0.0,2.0,2.0,0.0,0.0,1.0,3.0,0.0,0.0
Jorginho,8.0,7.0,1.0,2014,28,251.8,3.5,287.7,28.0,3.0,4.0,0.0,0.0,0.0,0.0,0.0,0.0,0.0,0.0,6.0,0.0,0.0,0.0,0.0
Tammy Abraham,8.0,6.0,2.0,1034,22,129.2,2.8,172.3,11.0,3.0,3.0,1.0,1.0,0.0,0.0,0.0,0.0,0.0,0.0,0.0,0.0,2.0,0.0,1.0
Bobby Reid,8.0,5.0,3.0,2382,33,297.8,4.1,476.4,11.0,2.0,3.0,0.0,0.0,0.0,0.0,0.0,1.0,0.0,0.0,0.0,0.0,4.0,0.0,0.0
Ademola Lookman,8.0,4.0,4.0,2756,34,344.5,4.2,689.0,8.5,2.0,2.0,0.0,1.0,0.0,0.0,0.0,0.0,1.0,0.0,0.0,0.0,2.0,0.0,0.0
Allan Saint-Maximin,8.0,3.0,5.0,1567,25,195.9,3.1,522.3,5.0,2.0,1.0,0.0,0.0,0.0,0.0,0.0,0.0,1.0,0.0,0.0,0.0,2.0,0.0,0.0
Ben Chilwell,8.0,3.0,5.0,2291,27,286.4,3.4,763.7,5.4,1.0,2.0,0.0,0.0,0.0,0.0,0.0,0.0,2.0,0.0,0.0,0.0,1.0,0.0,0.0
Paul Pogba,8.0,3.0,5.0,1896,26,237.0,3.2,632.0,5.2,3.0,0.0,0.0,0.0,0.0,0.0,0.0,0.0,1.0,0.0,0.0,0.0,2.0,0.0,0.0
Bernardo Silva,8.0,2.0,6.0,2070,26,258.8,3.2,1035.0,4.3,1.0,1.0,0.0,0.0,0.0,0.0,0.0,0.0,2.0,0.0,0.0,0.0,0.0,0.0,0.0
Andrew Robertson,8.0,1.0,7.0,3386,38,423.2,4.8,3386.0,5.4,0.0,1.0,0.0,0.0,0.0,0.0,0.0,0.0,1.0,0.0,0.0,0.0,0.0,0.0,0.0
Fábio Silva,7.0,4.0,3.0,1356,32,193.7,4.6,339.0,10.7,2.0,2.0,0.0,0.0,0.0,0.0,0.0,0.0,0.0,0.0,1.0,0.0,3.0,0.0,0.0
Lucas Moura,7.0,3.0,4.0,1403,30,200.4,4.3,467.7,7.5,1.0,2.0,0.0,0.0,0.0,0.0,0.0,1.0,2.0,0.0,0.0,0.0,0.0,0.0,0.0
Dwight McNeil,7.0,2.0,5.0,3072,36,438.9,5.1,1536.0,7.2,1.0,1.0,0.0,0.0,0.0,0.0,0.0,0.0,2.0,0.0,0.0,0.0,0.0,0.0,0.0
Saïd Benrahma,7.0,1.0,6.0,1388,30,198.3,4.3,1388.0,5.0,1.0,0.0,0.0,0.0,0.0,0.0,0.0,0.0,0.0,0.0,0.0,0.0,1.0,0.0,0.0
Rúben Neves,6.0,5.0,1.0,2680,36,446.7,6.0,536.0,36.0,3.0,2.0,0.0,0.0,0.0,0.0,0.0,1.0,0.0,0.0,3.0,0.0,1.0,0.0,0.0
Christian Pulisic,6.0,4.0,2.0,1737,27,289.5,4.5,434.2,13.5,2.0,2.0,0.0,0.0,0.0,0.0,0.0,0.0,2.0,0.0,0.0,0.0,1.0,0.0,0.0
Joelinton,6.0,4.0,2.0,1987,31,331.2,5.2,496.8,15.5,1.0,3.0,0.0,1.0,0.0,0.0,0.0,0.0,0.0,0.0,1.0,0.0,2.0,0.0,0.0
Aleksandar Mitrovic,6.0,3.0,3.0,1390,27,231.7,4.5,463.3,9.0,3.0,0.0,0.0,0.0,0.0,0.0,0.0,0.0,1.0,0.0,1.0,0.0,0.0,0.0,0.0
Ashley Westwood,6.0,3.0,3.0,3411,38,568.5,6.3,1137.0,12.7,3.0,0.0,0.0,0.0,0.0,0.0,0.0,0.0,1.0,0.0,0.0,0.0,2.0,0.0,0.0
Hélder Costa,6.0,3.0,3.0,1156,22,192.7,3.7,385.3,7.3,1.0,2.0,0.0,0.0,0.0,0.0,0.0,0.0,1.0,0.0,0.0,0.0,1.0,0.0,0.0
Theo Walcott,6.0,3.0,3.0,1641,22,273.5,3.7,547.0,7.3,2.0,1.0,0.0,0.0,0.0,0.0,0.0,0.0,0.0,0.0,0.0,0.0,3.0,0.0,0.0
Aaron Wan-Bissaka,6.0,2.0,4.0,3060,34,510.0,5.7,1530.0,8.5,1.0,1.0,0.0,0.0,0.0,0.0,0.0,0.0,0.0,0.0,0.0,0.0,2.0,0.0,0.0
Emile Smith Rowe,6.0,2.0,4.0,1449,20,241.5,3.3,724.5,5.0,1.0,1.0,0.0,0.0,0.0,0.0,0.0,0.0,2.0,0.0,0.0,0.0,0.0,0.0,0.0
Pierre-Emile Höjbjerg,6.0,2.0,4.0,3420,38,570.0,6.3,1710.0,9.5,0.0,2.0,0.0,0.0,0.0,0.0,0.0,0.0,0.0,0.0,0.0,0.0,2.0,0.0,0.0
Andros Townsend,6.0,1.0,5.0,2259,34,376.5,5.7,2259.0,6.8,1.0,0.0,0.0,0.0,0.0,0.0,0.0,0.0,0.0,0.0,0.0,0.0,1.0,0.0,0.0
Luke Shaw,6.0,1.0,5.0,2655,32,442.5,5.3,2655.0,6.4,1.0,0.0,0.0,0.0,0.0,0.0,0.0,0.0,1.0,0.0,0.0,0.0,0.0,0.0,0.0
Marc Albrighton,6.0,1.0,5.0,1742,31,290.3,5.2,1742.0,6.2,0.0,1.0,0.0,0.0,0.0,0.0,0.0,0.0,0.0,0.0,0.0,0.0,1.0,0.0,0.0
Willian,6.0,1.0,5.0,1407,25,234.5,4.2,1407.0,5.0,0.0,1.0,0.0,0.0,0.0,0.0,1.0,0.0,0.0,0.0,0.0,0.0,0.0,0.0,0.0
Callum Robinson,5.0,5.0,0.0,1563,28,312.6,5.6,312.6,inf,2.0,3.0,0.0,0.0,0.0,0.0,0.0,0.0,2.0,0.0,0.0,0.0,1.0,0.0,0.0
Kurt Zouma,5.0,5.0,0.0,2027,24,405.4,4.8,405.4,inf,3.0,2.0,0.0,0.0,0.0,0.0,0.0,4.0,0.0,0.0,0.0,0.0,1.0,0.0,0.0
Lewis Dunk,5.0,5.0,0.0,2933,33,586.6,6.6,586.6,inf,4.0,1.0,0.0,0.0,0.0,0.0,0.0,4.0,0.0,0.0,0.0,0.0,1.0,0.0,0.0
Miguel Almirón,5.0,4.0,1.0,2439,34,487.8,6.8,609.8,34.0,0.0,4.0,0.0,0.0,0.0,0.0,0.0,0.0,3.0,0.0,0.0,0.0,0.0,0.0,0.0
Scott McTominay,5.0,4.0,1.0,2128,32,425.6,6.4,532.0,32.0,0.0,4.0,0.0,0.0,0.0,0.0,0.0,1.0,0.0,0.0,0.0,0.0,2.0,0.0,0.0
Sergio Agüero,5.0,4.0,1.0,558,12,111.6,2.4,139.5,12.0,2.0,2.0,0.0,0.0,0.0,0.0,0.0,0.0,0.0,0.0,1.0,0.0,2.0,0.0,0.0
Daniel Podence,5.0,3.0,2.0,1677,24,335.4,4.8,559.0,12.0,1.0,2.0,0.0,0.0,0.0,0.0,0.0,0.0,1.0,0.0,0.0,0.0,2.0,0.0,0.0
Matej Vydra,5.0,3.0,2.0,1368,28,273.6,5.6,456.0,14.0,1.0,2.0,0.0,0.0,0.0,0.0,0.0,0.0,2.0,0.0,0.0,0.0,1.0,0.0,0.0
Mbaye Diagne,5.0,3.0,2.0,1193,16,238.6,3.2,397.7,8.0,1.0,2.0,0.0,0.0,0.0,0.0,0.0,2.0,0.0,0.0,0.0,0.0,1.0,0.0,0.0
Tanguy Ndombélé,5.0,3.0,2.0,2106,33,421.2,6.6,702.0,16.5,3.0,0.0,0.0,0.0,0.0,0.0,0.0,0.0,1.0,0.0,0.0,0.0,2.0,0.0,0.0
Abdoulaye Doucouré,5.0,2.0,3.0,2452,29,490.4,5.8,1226.0,9.7,2.0,0.0,0.0,0.0,0.0,0.0,0.0,1.0,1.0,0.0,0.0,0.0,0.0,0.0,0.0
Adama Traoré,5.0,2.0,3.0,2643,37,528.6,7.4,1321.5,12.3,1.0,1.0,0.0,0.0,0.0,0.0,0.0,0.0,0.0,0.0,0.0,0.0,2.0,0.0,0.0
Callum Hudson-Odoi,5.0,2.0,3.0,1058,23,211.6,4.6,529.0,7.7,1.0,1.0,0.0,0.0,0.0,0.0,0.0,0.0,0.0,0.0,0.0,0.0,2.0,0.0,0.0
Ezgjan Alioski,5.0,2.0,3.0,2462,36,492.4,7.2,1231.0,12.0,1.0,1.0,0.0,1.0,0.0,0.0,0.0,0.0,1.0,0.0,0.0,0.0,0.0,0.0,0.0
Hakim Ziyech,5.0,2.0,3.0,1177,23,235.4,4.6,588.5,7.7,2.0,0.0,0.0,0.0,0.0,0.0,0.0,0.0,2.0,0.0,0.0,0.0,0.0,0.0,0.0
Jacob Murphy,5.0,2.0,3.0,1621,26,324.2,5.2,810.5,8.7,2.0,0.0,0.0,0.0,0.0,0.0,1.0,0.0,0.0,0.0,0.0,0.0,1.0,0.0,0.0
Jeffrey Schlupp,5.0,2.0,3.0,1426,27,285.2,5.4,713.0,9.0,0.0,2.0,0.0,0.0,0.0,0.0,0.0,0.0,0.0,0.0,0.0,0.0,1.0,0.0,1.0
João Cancelo,5.0,2.0,3.0,2302,28,460.4,5.6,1151.0,9.3,2.0,0.0,0.0,0.0,0.0,0.0,0.0,0.0,1.0,0.0,0.0,0.0,1.0,0.0,0.0
Nathan Redmond,5.0,2.0,3.0,1730,29,346.0,5.8,865.0,9.7,0.0,2.0,0.0,0.0,0.0,0.0,0.0,0.0,0.0,0.0,0.0,0.0,2.0,0.0,0.0
Serge Aurier,5.0,2.0,3.0,1608,19,321.6,3.8,804.0,6.3,2.0,0.0,0.0,0.0,0.0,0.0,0.0,1.0,0.0,0.0,0.0,0.0,1.0,0.0,0.0
Timothy Castagne,5.0,2.0,3.0,2347,27,469.4,5.4,1173.5,9.0,1.0,1.0,0.0,0.0,0.0,0.0,0.0,1.0,1.0,0.0,0.0,0.0,0.0,0.0,0.0
Kieran Tierney,5.0,1.0,4.0,2301,27,460.2,5.4,2301.0,6.8,1.0,0.0,0.0,0.0,0.0,0.0,0.0,0.0,0.0,0.0,0.0,0.0,1.0,0.0,0.0
Steven Bergwijn,5.0,1.0,4.0,1212,21,242.4,4.2,1212.0,5.2,0.0,1.0,0.0,0.0,0.0,0.0,0.0,0.0,0.0,0.0,0.0,0.0,1.0,0.0,0.0
Wilfred Ndidi,5.0,1.0,4.0,2179,26,435.8,5.2,2179.0,6.5,0.0,1.0,0.0,0.0,0.0,0.0,0.0,0.0,1.0,0.0,0.0,0.0,0.0,0.0,0.0
John Stones,4.0,4.0,0.0,1934,22,483.5,5.5,483.5,inf,1.0,3.0,0.0,0.0,0.0,0.0,0.0,1.0,0.0,0.0,0.0,0.0,2.0,0.0,0.0
Olivier Giroud,4.0,4.0,0.0,747,17,186.8,4.2,186.8,inf,1.0,3.0,0.0,0.0,0.0,0.0,0.0,1.0,3.0,0.0,0.0,0.0,0.0,0.0,0.0
Raúl Jiménez,4.0,4.0,0.0,825,10,206.2,2.5,206.2,inf,2.0,2.0,0.0,0.0,0.0,0.0,0.0,1.0,0.0,0.0,0.0,0.0,3.0,0.0,0.0
Daniel James,4.0,3.0,1.0,912,15,228.0,3.8,304.0,15.0,0.0,3.0,0.0,0.0,0.0,0.0,0.0,0.0,0.0,0.0,0.0,0.0,3.0,0.0,0.0
Kyle Bartley,4.0,3.0,1.0,2584,30,646.0,7.5,861.3,30.0,0.0,3.0,0.0,0.0,0.0,0.0,0.0,1.0,0.0,0.0,0.0,0.0,2.0,0.0,0.0
Michael Keane,4.0,3.0,1.0,2990,35,747.5,8.8,996.7,35.0,1.0,2.0,0.0,0.0,0.0,0.0,0.0,2.0,0.0,0.0,0.0,0.0,0.0,0.0,1.0
Ross Barkley,4.0,3.0,1.0,1577,26,394.2,6.5,525.7,26.0,2.0,1.0,0.0,0.0,0.0,0.0,0.0,1.0,1.0,0.0,0.0,0.0,1.0,0.0,0.0
Conor Gallagher,4.0,2.0,2.0,2532,30,633.0,7.5,1266.0,15.0,0.0,2.0,0.0,0.0,0.0,0.0,0.0,0.0,0.0,0.0,0.0,0.0,2.0,0.0,0.0
James Justin,4.0,2.0,2.0,2070,23,517.5,5.8,1035.0,11.5,1.0,1.0,0.0,0.0,0.0,0.0,0.0,0.0,0.0,0.0,0.0,0.0,2.0,0.0,0.0
Jonny Evans,4.0,2.0,2.0,2476,28,619.0,7.0,1238.0,14.0,1.0,1.0,0.0,0.0,0.0,0.0,0.0,2.0,0.0,0.0,0.0,0.0,0.0,0.0,0.0
Michy Batshuayi,4.0,2.0,2.0,722,18,180.5,4.5,361.0,9.0,1.0,1.0,0.0,0.0,0.0,0.0,0.0,0.0,1.0,0.0,0.0,0.0,0.0,0.0,0.0
Rodri,4.0,2.0,2.0,2748,34,687.0,8.5,1374.0,17.0,1.0,1.0,0.0,0.0,0.0,0.0,0.0,1.0,0.0,0.0,1.0,0.0,0.0,0.0,0.0
Tyrone Mings,4.0,2.0,2.0,3195,36,798.8,9.0,1597.5,18.0,1.0,1.0,0.0,0.0,0.0,0.0,0.0,1.0,1.0,0.0,0.0,0.0,0.0,0.0,0.0
Darnell Furlong,4.0,1.0,3.0,2930,35,732.5,8.8,2930.0,11.7,1.0,0.0,0.0,0.0,0.0,0.0,0.0,0.0,0.0,0.0,0.0,0.0,1.0,0.0,0.0
Héctor Bellerín,4.0,1.0,3.0,2093,25,523.2,6.2,2093.0,8.3,0.0,1.0,0.0,0.0,0.0,0.0,0.0,0.0,0.0,0.0,0.0,0.0,1.0,0.0,0.0
Jonjo Shelvey,4.0,1.0,3.0,2617,30,654.2,7.5,2617.0,10.0,0.0,1.0,0.0,0.0,0.0,0.0,0.0,0.0,0.0,0.0,0.0,0.0,1.0,0.0,0.0
Jordan Ayew,4.0,1.0,3.0,2097,33,524.2,8.2,2097.0,11.0,0.0,1.0,0.0,0.0,0.0,0.0,0.0,0.0,0.0,0.0,0.0,0.0,1.0,0.0,0.0
Tariq Lamptey,4.0,1.0,3.0,890,11,222.5,2.8,890.0,3.7,1.0,0.0,0.0,0.0,0.0,0.0,0.0,0.0,0.0,0.0,0.0,0.0,1.0,0.0,0.0
Angelo Ogbonna,3.0,3.0,0.0,2493,28,831.0,9.3,831.0,inf,2.0,1.0,0.0,0.0,0.0,0.0,0.0,3.0,0.0,0.0,0.0,0.0,0.0,0.0,0.0
Ashley Barnes,3.0,3.0,0.0,1334,22,444.7,7.3,444.7,inf,1.0,2.0,0.0,0.0,0.0,0.0,0.0,1.0,1.0,0.0,1.0,0.0,0.0,0.0,0.0
Billy Sharp,3.0,3.0,0.0,728,16,242.7,5.3,242.7,inf,0.0,3.0,0.0,0.0,0.0,0.0,0.0,0.0,0.0,0.0,2.0,0.0,1.0,0.0,0.0
Craig Dawson,3.0,3.0,0.0,1926,22,642.0,7.3,642.0,inf,1.0,2.0,0.0,0.0,0.0,0.0,0.0,2.0,0.0,0.0,0.0,0.0,1.0,0.0,0.0
Ivan Cavaleiro,3.0,3.0,0.0,2477,36,825.7,12.0,825.7,inf,3.0,0.0,0.0,0.0,0.0,0.0,0.0,2.0,0.0,0.0,1.0,0.0,0.0,0.0,0.0
Jannik Vestergaard,3.0,3.0,0.0,2575,30,858.3,10.0,858.3,inf,3.0,0.0,0.0,0.0,0.0,0.0,0.0,3.0,0.0,0.0,0.0,0.0,0.0,0.0,0.0
Josh Maja,3.0,3.0,0.0,809,15,269.7,5.0,269.7,inf,3.0,0.0,0.0,0.0,0.0,0.0,0.0,0.0,0.0,0.0,1.0,0.0,1.0,0.0,0.0
Romain Saïss,3.0,3.0,0.0,2408,27,802.7,9.0,802.7,inf,2.0,1.0,0.0,0.0,0.0,0.0,0.0,3.0,0.0,0.0,0.0,0.0,0.0,0.0,0.0
Sébastien Haller,3.0,3.0,0.0,935,16,311.7,5.3,311.7,inf,1.0,2.0,0.0,0.0,0.0,0.0,0.0,1.0,0.0,0.0,0.0,0.0,2.0,0.0,0.0
Takumi Minamino,3.0,3.0,0.0,1006,19,335.3,6.3,335.3,inf,2.0,1.0,0.0,0.0,0.0,0.0,0.0,0.0,1.0,0.0,0.0,0.0,2.0,0.0,0.0
Aaron Connolly,3.0,2.0,1.0,791,17,263.7,5.7,395.5,17.0,1.0,1.0,0.0,0.0,0.0,0.0,0.0,0.0,0.0,0.0,0.0,0.0,2.0,0.0,0.0
Ayoze Pérez,3.0,2.0,1.0,1332,25,444.0,8.3,666.0,25.0,1.0,1.0,0.0,1.0,0.0,0.0,0.0,0.0,0.0,0.0,0.0,0.0,1.0,0.0,0.0
Benjamin Mendy,3.0,2.0,1.0,955,13,318.3,4.3,477.5,13.0,1.0,1.0,0.0,0.0,0.0,0.0,0.0,0.0,1.0,0.0,0.0,0.0,1.0,0.0,0.0
Declan Rice,3.0,2.0,1.0,2880,32,960.0,10.7,1440.0,32.0,0.0,2.0,0.0,0.0,0.0,0.0,0.0,0.0,0.0,0.0,1.0,0.0,1.0,0.0,0.0
Eddie Nketiah,3.0,2.0,1.0,414,17,138.0,5.7,207.0,17.0,0.0,2.0,0.0,0.0,0.0,0.0,0.0,0.0,0.0,0.0,0.0,0.0,1.0,0.0,1.0
Gabriel Martinelli,3.0,2.0,1.0,586,14,195.3,4.7,293.0,14.0,2.0,0.0,0.0,0.0,0.0,0.0,0.0,0.0,1.0,0.0,0.0,0.0,1.0,0.0,0.0
Harry Maguire,3.0,2.0,1.0,3048,34,1016.0,11.3,1524.0,34.0,1.0,1.0,0.0,0.0,0.0,0.0,0.0,2.0,0.0,0.0,0.0,0.0,0.0,0.0,0.0
Jeff Hendrick,3.0,2.0,1.0,1425,22,475.0,7.3,712.5,22.0,2.0,0.0,0.0,0.0,0.0,0.0,0.0,0.0,0.0,0.0,0.0,0.0,2.0,0.0,0.0
Matt Phillips,3.0,2.0,1.0,1825,33,608.3,11.0,912.5,33.0,1.0,1.0,0.0,0.0,0.0,0.0,0.0,0.0,0.0,0.0,0.0,0.0,2.0,0.0,0.0
Ola Aina,3.0,2.0,1.0,2670,31,890.0,10.3,1335.0,31.0,1.0,1.0,1.0,0.0,0.0,0.0,0.0,0.0,1.0,0.0,0.0,0.0,0.0,0.0,0.0
Solly March,3.0,2.0,1.0,1674,21,558.0,7.0,837.0,21.0,1.0,1.0,0.0,0.0,0.0,0.0,0.0,1.0,0.0,0.0,0.0,0.0,1.0,0.0,0.0
Trezeguet,3.0,2.0,1.0,1167,21,389.0,7.0,583.5,21.0,0.0,2.0,0.0,0.0,0.0,0.0,0.0,0.0,1.0,0.0,0.0,0.0,0.0,0.0,0.0
Alex Iwobi,3.0,1.0,2.0,1540,30,513.3,10.0,1540.0,15.0,1.0,0.0,0.0,0.0,0.0,0.0,0.0,0.0,0.0,0.0,0.0,0.0,1.0,0.0,0.0
Curtis Jones,3.0,1.0,2.0,1178,24,392.7,8.0,1178.0,12.0,1.0,0.0,0.0,0.0,0.0,0.0,0.0,0.0,0.0,0.0,0.0,0.0,1.0,0.0,0.0
César Azpilicueta,3.0,1.0,2.0,2191,26,730.3,8.7,2191.0,13.0,0.0,1.0,0.0,0.0,0.0,0.0,0.0,0.0,0.0,0.0,0.0,0.0,1.0,0.0,0.0
Granit Xhaka,3.0,1.0,2.0,2526,31,842.0,10.3,2526.0,15.5,0.0,1.0,0.0,0.0,0.0,0.0,1.0,0.0,0.0,0.0,0.0,0.0,0.0,0.0,0.0
Jay Rodríguez,3.0,1.0,2.0,1256,31,418.7,10.3,1256.0,15.5,1.0,0.0,0.0,0.0,0.0,0.0,0.0,1.0,0.0,0.0,0.0,0.0,0.0,0.0,0.0
Joel Matip,3.0,1.0,2.0,691,10,230.3,3.3,691.0,5.0,0.0,1.0,0.0,0.0,0.0,0.0,0.0,1.0,0.0,0.0,0.0,0.0,0.0,0.0,0.0
Juan Mata,3.0,1.0,2.0,511,9,170.3,3.0,511.0,4.5,1.0,0.0,0.0,0.0,0.0,0.0,0.0,0.0,0.0,0.0,1.0,0.0,0.0,0.0,0.0
Kalvin Phillips,3.0,1.0,2.0,2429,29,809.7,9.7,2429.0,14.5,0.0,1.0,0.0,0.0,0.0,0.0,1.0,0.0,0.0,0.0,0.0,0.0,0.0,0.0,0.0
Martin Ødegaard,3.0,1.0,2.0,866,14,288.7,4.7,866.0,7.0,0.0,1.0,0.0,0.0,0.0,0.0,0.0,0.0,1.0,0.0,0.0,0.0,0.0,0.0,0.0
Reece James,3.0,1.0,2.0,2367,32,789.0,10.7,2367.0,16.0,1.0,0.0,0.0,0.0,0.0,0.0,0.0,0.0,0.0,0.0,0.0,0.0,1.0,0.0,0.0
Tyler Roberts,3.0,1.0,2.0,1339,27,446.3,9.0,1339.0,13.5,1.0,0.0,0.0,0.0,0.0,0.0,0.0,0.0,0.0,0.0,0.0,0.0,1.0,0.0,0.0
Ben Mee,2.0,2.0,0.0,2694,30,1347.0,15.0,1347.0,inf,0.0,2.0,0.0,0.0,0.0,0.0,0.0,2.0,0.0,0.0,0.0,0.0,0.0,0.0,0.0
Ezri Konsa,2.0,2.0,0.0,3195,36,1597.5,18.0,1597.5,inf,0.0,2.0,0.0,0.0,0.0,0.0,0.0,1.0,0.0,0.0,0.0,0.0,1.0,0.0,0.0
Gabriel,2.0,2.0,0.0,1997,23,998.5,11.5,998.5,inf,1.0,1.0,0.0,0.0,0.0,0.0,0.0,2.0,0.0,0.0,0.0,0.0,0.0,0.0,0.0
Georginio Wijnaldum,2.0,2.0,0.0,2948,38,1474.0,19.0,1474.0,inf,1.0,1.0,0.0,1.0,0.0,0.0,0.0,0.0,0.0,0.0,0.0,0.0,1.0,0.0,0.0
Hal Robson-Kanu,2.0,2.0,0.0,547,19,273.5,9.5,273.5,inf,1.0,1.0,0.0,0.0,0.0,0.0,0.0,0.0,2.0,0.0,0.0,0.0,0.0,0.0,0.0
Issa Diop,2.0,2.0,0.0,1379,18,689.5,9.0,689.5,inf,1.0,1.0,0.0,0.0,0.0,0.0,0.0,2.0,0.0,0.0,0.0,0.0,0.0,0.0,0.0
Jairo Riedewald,2.0,2.0,0.0,1817,33,908.5,16.5,908.5,inf,2.0,0.0,0.0,0.0,0.0,0.0,0.0,0.0,2.0,0.0,0.0,0.0,0.0,0.0,0.0
Jamaal Lascelles,2.0,2.0,0.0,1627,19,813.5,9.5,813.5,inf,0.0,2.0,0.0,0.0,0.0,0.0,0.0,2.0,0.0,0.0,0.0,0.0,0.0,0.0,0.0
Jayden Bogle,2.0,2.0,0.0,1108,16,554.0,8.0,554.0,inf,1.0,1.0,0.0,0.0,0.0,0.0,0.0,0.0,2.0,0.0,0.0,0.0,0.0,0.0,0.0
Jóhann Berg Gudmundsson,2.0,2.0,0.0,1368,22,684.0,11.0,684.0,inf,1.0,1.0,0.0,0.0,0.0,0.0,0.0,0.0,2.0,0.0,0.0,0.0,0.0,0.0,0.0
Marcos Alonso,2.0,2.0,0.0,959,13,479.5,6.5,479.5,inf,1.0,1.0,0.0,0.0,0.0,0.0,0.0,0.0,1.0,0.0,0.0,0.0,1.0,0.0,0.0
Semi Ajayi,2.0,2.0,0.0,2780,33,1390.0,16.5,1390.0,inf,2.0,0.0,0.0,0.0,0.0,0.0,0.0,2.0,0.0,0.0,0.0,0.0,0.0,0.0,0.0
Thiago Silva,2.0,2.0,0.0,1938,23,969.0,11.5,969.0,inf,0.0,2.0,0.0,0.0,0.0,0.0,0.0,2.0,0.0,0.0,0.0,0.0,0.0,0.0,0.0
Yerry Mina,2.0,2.0,0.0,1939,24,969.5,12.0,969.5,inf,0.0,2.0,0.0,0.0,0.0,0.0,0.0,2.0,0.0,0.0,0.0,0.0,0.0,0.0,0.0
Adam Lallana,2.0,1.0,1.0,1590,30,795.0,15.0,1590.0,30.0,0.0,1.0,0.0,0.0,0.0,0.0,0.0,0.0,0.0,0.0,0.0,0.0,1.0,0.0,0.0
Alex Oxlade-Chamberlain,2.0,1.0,1.0,245,13,122.5,6.5,245.0,13.0,1.0,0.0,0.0,0.0,0.0,0.0,0.0,0.0,1.0,0.0,0.0,0.0,0.0,0.0,0.0
Alexis Mac Allister,2.0,1.0,1.0,1115,21,557.5,10.5,1115.0,21.0,1.0,0.0,0.0,0.0,0.0,0.0,0.0,0.0,0.0,0.0,0.0,0.0,1.0,0.0,0.0
Conor Hourihane,2.0,1.0,1.0,228,4,114.0,2.0,228.0,4.0,1.0,0.0,0.0,0.0,0.0,0.0,0.0,0.0,0.0,0.0,0.0,0.0,1.0,0.0,0.0
Dennis Praet,2.0,1.0,1.0,723,15,361.5,7.5,723.0,15.0,0.0,1.0,0.0,0.0,0.0,0.0,0.0,0.0,0.0,0.0,0.0,0.0,1.0,0.0,0.0
Donny van de Beek,2.0,1.0,1.0,513,19,256.5,9.5,513.0,19.0,0.0,1.0,0.0,0.0,0.0,0.0,0.0,0.0,0.0,0.0,0.0,0.0,1.0,0.0,0.0
Dwight Gayle,2.0,1.0,1.0,504,18,252.0,9.0,504.0,18.0,0.0,1.0,0.0,0.0,0.0,0.0,0.0,1.0,0.0,0.0,0.0,0.0,0.0,0.0,0.0
Gary Cahill,2.0,1.0,1.0,1800,20,900.0,10.0,1800.0,20.0,1.0,0.0,0.0,0.0,0.0,0.0,0.0,1.0,0.0,0.0,0.0,0.0,0.0,0.0,0.0
Giovani Lo Celso,2.0,1.0,1.0,950,18,475.0,9.0,950.0,18.0,0.0,1.0,0.0,0.0,0.0,0.0,0.0,0.0,1.0,0.0,0.0,0.0,0.0,0.0,0.0
Jan Bednarek,2.0,1.0,1.0,3101,36,1550.5,18.0,3101.0,36.0,0.0,1.0,0.0,0.0,0.0,0.0,0.0,1.0,0.0,0.0,0.0,0.0,0.0,0.0,0.0
Joachim Andersen,2.0,1.0,1.0,2730,31,1365.0,15.5,2730.0,31.0,0.0,1.0,0.0,0.0,0.0,0.0,0.0,0.0,0.0,0.0,0.0,0.0,1.0,0.0,0.0
Joe Bryan,2.0,1.0,1.0,665,16,332.5,8.0,665.0,16.0,1.0,0.0,0.0,0.0,0.0,0.0,0.0,1.0,0.0,0.0,0.0,0.0,0.0,0.0,0.0
Jordan Henderson,2.0,1.0,1.0,1707,21,853.5,10.5,1707.0,21.0,1.0,0.0,0.0,0.0,0.0,0.0,0.0,0.0,0.0,0.0,0.0,0.0,1.0,0.0,0.0
João Moutinho,2.0,1.0,1.0,2534,33,1267.0,16.5,2534.0,33.0,0.0,1.0,0.0,0.0,0.0,0.0,0.0,0.0,0.0,0.0,0.0,0.0,1.0,0.0,0.0
Joël Veltman,2.0,1.0,1.0,2282,28,1141.0,14.0,2282.0,28.0,0.0,1.0,0.0,0.0,0.0,0.0,0.0,0.0,1.0,0.0,0.0,0.0,0.0,0.0,0.0
Keinan Davis,2.0,1.0,1.0,265,15,132.5,7.5,265.0,15.0,0.0,1.0,0.0,0.0,0.0,0.0,0.0,0.0,1.0,0.0,0.0,0.0,0.0,0.0,0.0
Kyle Walker,2.0,1.0,1.0,1946,24,973.0,12.0,1946.0,24.0,1.0,0.0,0.0,0.0,0.0,0.0,0.0,0.0,0.0,0.0,0.0,0.0,1.0,0.0,0.0
Luka Milivojevic,2.0,1.0,1.0,2364,31,1182.0,15.5,2364.0,31.0,0.0,1.0,0.0,0.0,0.0,0.0,0.0,0.0,0.0,0.0,1.0,0.0,0.0,0.0,0.0
Manuel Lanzini,2.0,1.0,1.0,562,17,281.0,8.5,562.0,17.0,1.0,0.0,0.0,0.0,0.0,0.0,0.0,0.0,0.0,1.0,0.0,0.0,0.0,0.0,0.0
Mario Lemina,2.0,1.0,1.0,1705,28,852.5,14.0,1705.0,28.0,1.0,0.0,0.0,0.0,0.0,0.0,0.0,0.0,0.0,0.0,0.0,0.0,1.0,0.0,0.0
Matthew Lowton,2.0,1.0,1.0,3060,34,1530.0,17.0,3060.0,34.0,1.0,0.0,0.0,0.0,0.0,0.0,0.0,0.0,0.0,0.0,0.0,0.0,1.0,0.0,0.0
Nathan Tella,2.0,1.0,1.0,742,18,371.0,9.0,742.0,18.0,0.0,1.0,0.0,0.0,0.0,0.0,0.0,0.0,0.0,0.0,0.0,0.0,1.0,0.0,0.0
Nathaniel Phillips,2.0,1.0,1.0,1455,17,727.5,8.5,1455.0,17.0,1.0,0.0,0.0,0.0,0.0,0.0,0.0,1.0,0.0,0.0,0.0,0.0,0.0,0.0,0.0
Nélson Semedo,2.0,1.0,1.0,2988,34,1494.0,17.0,2988.0,34.0,0.0,1.0,0.0,0.0,0.0,0.0,0.0,0.0,0.0,0.0,0.0,0.0,1.0,0.0,0.0
Oliver Burke,2.0,1.0,1.0,1273,25,636.5,12.5,1273.0,25.0,1.0,0.0,0.0,0.0,0.0,0.0,0.0,0.0,0.0,0.0,0.0,0.0,1.0,0.0,0.0
Oliver McBurnie,2.0,1.0,1.0,1319,23,659.5,11.5,1319.0,23.0,0.0,1.0,0.0,0.0,0.0,0.0,0.0,1.0,0.0,0.0,0.0,0.0,0.0,0.0,0.0
Oriol Romeu,2.0,1.0,1.0,1767,21,883.5,10.5,1767.0,21.0,0.0,1.0,0.0,0.0,0.0,0.0,0.0,0.0,0.0,0.0,0.0,0.0,1.0,0.0,0.0
Rayan Aït Nouri,2.0,1.0,1.0,1405,21,702.5,10.5,1405.0,21.0,0.0,1.0,0.0,0.0,0.0,0.0,0.0,0.0,1.0,0.0,0.0,0.0,0.0,0.0,0.0
Robbie Brady,2.0,1.0,1.0,1055,19,527.5,9.5,1055.0,19.0,0.0,1.0,0.0,0.0,0.0,0.0,0.0,0.0,0.0,0.0,0.0,0.0,1.0,0.0,0.0
Ryan Fredericks,2.0,1.0,1.0,567,14,283.5,7.0,567.0,14.0,0.0,1.0,0.0,0.0,0.0,0.0,0.0,0.0,0.0,0.0,0.0,0.0,1.0,0.0,0.0
Sander Berge,2.0,1.0,1.0,1121,15,560.5,7.5,1121.0,15.0,1.0,0.0,0.0,0.0,0.0,0.0,0.0,0.0,0.0,0.0,1.0,0.0,0.0,0.0,0.0
Tom Cairney,2.0,1.0,1.0,760,10,380.0,5.0,760.0,10.0,0.0,1.0,0.0,0.0,0.0,0.0,0.0,0.0,1.0,0.0,0.0,0.0,0.0,0.0,0.0
Tyrick Mitchell,2.0,1.0,1.0,1710,19,855.0,9.5,1710.0,19.0,0.0,1.0,1.0,0.0,0.0,0.0,0.0,0.0,0.0,0.0,0.0,0.0,0.0,0.0,0.0
Victor Lindelöf,2.0,1.0,1.0,2586,29,1293.0,14.5,2586.0,29.0,0.0,1.0,0.0,0.0,0.0,0.0,0.0,0.0,0.0,0.0,0.0,0.0,1.0,0.0,0.0
Willian José,2.0,1.0,1.0,1115,17,557.5,8.5,1115.0,17.0,0.0,1.0,0.0,0.0,0.0,0.0,0.0,0.0,0.0,0.0,0.0,0.0,1.0,0.0,0.0
Willy Boly,2.0,1.0,1.0,1880,21,940.0,10.5,1880.0,21.0,0.0,1.0,0.0,0.0,0.0,0.0,0.0,0.0,0.0,0.0,0.0,0.0,1.0,0.0,0.0
Adam Webster,1.0,1.0,0.0,2595,29,2595.0,29.0,2595.0,inf,0.0,1.0,0.0,0.0,0.0,0.0,0.0,1.0,0.0,0.0,0.0,0.0,0.0,0.0,0.0
Alisson,1.0,1.0,0.0,2970,33,2970.0,33.0,2970.0,inf,1.0,0.0,0.0,0.0,0.0,0.0,0.0,1.0,0.0,0.0,0.0,0.0,0.0,0.0,0.0
Andy Carroll,1.0,1.0,0.0,383,18,383.0,18.0,383.0,inf,0.0,1.0,0.0,0.0,0.0,0.0,0.0,0.0,1.0,0.0,0.0,0.0,0.0,0.0,0.0
Anthony Elanga,1.0,1.0,0.0,156,2,156.0,2.0,156.0,inf,1.0,0.0,0.0,0.0,0.0,0.0,0.0,1.0,0.0,0.0,0.0,0.0,0.0,0.0,0.0
Antonio Rüdiger,1.0,1.0,0.0,1710,19,1710.0,19.0,1710.0,inf,0.0,1.0,0.0,0.0,0.0,0.0,0.0,0.0,1.0,0.0,0.0,0.0,0.0,0.0,0.0
Ben Johnson,1.0,1.0,0.0,518,14,518.0,14.0,518.0,inf,0.0,1.0,0.0,0.0,0.0,0.0,0.0,0.0,0.0,0.0,0.0,0.0,1.0,0.0,0.0
Ben Osborn,1.0,1.0,0.0,1605,24,1605.0,24.0,1605.0,inf,1.0,0.0,0.0,0.0,0.0,0.0,0.0,0.0,0.0,0.0,0.0,0.0,1.0,0.0,0.0
Bernard,1.0,1.0,0.0,449,12,449.0,12.0,449.0,inf,0.0,1.0,0.0,0.0,0.0,0.0,0.0,0.0,0.0,0.0,0.0,0.0,1.0,0.0,0.0
Caglar Söyüncü,1.0,1.0,0.0,1816,23,1816.0,23.0,1816.0,inf,1.0,0.0,0.0,0.0,0.0,0.0,0.0,1.0,0.0,0.0,0.0,0.0,0.0,0.0,0.0
Carlos Vinícius,1.0,1.0,0.0,305,9,305.0,9.0,305.0,inf,1.0,0.0,0.0,0.0,0.0,0.0,0.0,0.0,0.0,0.0,0.0,0.0,1.0,0.0,0.0
Cheikhou Kouyaté,1.0,1.0,0.0,3123,36,3123.0,36.0,3123.0,inf,0.0,1.0,0.0,0.0,0.0,0.0,0.0,1.0,0.0,0.0,0.0,0.0,0.0,0.0,0.0
Ciaran Clark,1.0,1.0,0.0,1893,22,1893.0,22.0,1893.0,inf,1.0,0.0,0.0,0.0,0.0,0.0,0.0,1.0,0.0,0.0,0.0,0.0,0.0,0.0,0.0
Conor Coady,1.0,1.0,0.0,3304,37,3304.0,37.0,3304.0,inf,1.0,0.0,0.0,0.0,0.0,0.0,0.0,1.0,0.0,0.0,0.0,0.0,0.0,0.0,0.0
Dan Burn,1.0,1.0,0.0,2059,27,2059.0,27.0,2059.0,inf,0.0,1.0,0.0,0.0,0.0,0.0,0.0,0.0,0.0,0.0,0.0,0.0,1.0,0.0,0.0
Daniel Amartey,1.0,1.0,0.0,719,12,719.0,12.0,719.0,inf,1.0,0.0,0.0,0.0,0.0,0.0,0.0,1.0,0.0,0.0,0.0,0.0,0.0,0.0,0.0
Daniel Jebbison,1.0,1.0,0.0,284,4,284.0,4.0,284.0,inf,1.0,0.0,0.0,0.0,0.0,0.0,0.0,0.0,0.0,0.0,0.0,0.0,1.0,0.0,0.0
David Luiz,1.0,1.0,0.0,1396,20,1396.0,20.0,1396.0,inf,1.0,0.0,0.0,0.0,0.0,0.0,0.0,1.0,0.0,0.0,0.0,0.0,0.0,0.0,0.0
Diego Llorente,1.0,1.0,0.0,1205,15,1205.0,15.0,1205.0,inf,0.0,1.0,0.0,0.0,0.0,0.0,0.0,1.0,0.0,0.0,0.0,0.0,0.0,0.0,0.0
Emil Krafth,1.0,1.0,0.0,1291,16,1291.0,16.0,1291.0,inf,0.0,1.0,0.0,0.0,0.0,0.0,0.0,1.0,0.0,0.0,0.0,0.0,0.0,0.0,0.0
Erik Lamela,1.0,1.0,0.0,704,23,704.0,23.0,704.0,inf,1.0,0.0,0.0,0.0,0.0,0.0,0.0,0.0,1.0,0.0,0.0,0.0,0.0,0.0,0.0
Fabian Schär,1.0,1.0,0.0,1245,18,1245.0,18.0,1245.0,inf,1.0,0.0,0.0,0.0,0.0,0.0,0.0,0.0,0.0,0.0,1.0,0.0,0.0,0.0,0.0
Fabián Balbuena,1.0,1.0,0.0,1198,14,1198.0,14.0,1198.0,inf,1.0,0.0,0.0,0.0,0.0,0.0,0.0,1.0,0.0,0.0,0.0,0.0,0.0,0.0,0.0
Fred,1.0,1.0,0.0,2396,30,2396.0,30.0,2396.0,inf,1.0,0.0,0.0,0.0,0.0,0.0,0.0,0.0,1.0,0.0,0.0,0.0,0.0,0.0,0.0
Fábio Carvalho,1.0,1.0,0.0,255,4,255.0,4.0,255.0,inf,1.0,0.0,0.0,0.0,0.0,0.0,0.0,0.0,0.0,0.0,0.0,0.0,1.0,0.0,0.0
Grady Diangana,1.0,1.0,0.0,1237,20,1237.0,20.0,1237.0,inf,1.0,0.0,0.0,0.0,0.0,0.0,0.0,0.0,1.0,0.0,0.0,0.0,0.0,0.0,0.0
James Tarkowski,1.0,1.0,0.0,3240,36,3240.0,36.0,3240.0,inf,1.0,0.0,0.0,0.0,0.0,0.0,0.0,1.0,0.0,0.0,0.0,0.0,0.0,0.0,0.0
Jean-Philippe Mateta,1.0,1.0,0.0,218,7,218.0,7.0,218.0,inf,1.0,0.0,0.0,0.0,0.0,0.0,0.0,0.0,0.0,0.0,0.0,0.0,1.0,0.0,0.0
Jimmy Dunne,1.0,1.0,0.0,270,3,270.0,3.0,270.0,inf,1.0,0.0,0.0,0.0,0.0,0.0,0.0,1.0,0.0,0.0,0.0,0.0,0.0,0.0,0.0
Karlan Grant,1.0,1.0,0.0,1132,21,1132.0,21.0,1132.0,inf,1.0,0.0,0.0,0.0,0.0,0.0,0.0,0.0,0.0,0.0,0.0,0.0,1.0,0.0,0.0
Kean Bryan,1.0,1.0,0.0,1007,13,1007.0,13.0,1007.0,inf,1.0,0.0,0.0,0.0,0.0,0.0,0.0,1.0,0.0,0.0,0.0,0.0,0.0,0.0,0.0
Kortney Hause,1.0,1.0,0.0,630,7,630.0,7.0,630.0,inf,0.0,1.0,0.0,0.0,0.0,0.0,0.0,1.0,0.0,0.0,0.0,0.0,0.0,0.0,0.0
Leander Dendoncker,1.0,1.0,0.0,2500,33,2500.0,33.0,2500.0,inf,0.0,1.0,0.0,0.0,0.0,0.0,0.0,1.0,0.0,0.0,0.0,0.0,0.0,0.0,0.0
Liam Cooper,1.0,1.0,0.0,2187,25,2187.0,25.0,2187.0,inf,1.0,0.0,0.0,0.0,0.0,0.0,0.0,1.0,0.0,0.0,0.0,0.0,0.0,0.0,0.0
Luke Thomas,1.0,1.0,0.0,970,14,970.0,14.0,970.0,inf,1.0,0.0,0.0,0.0,0.0,0.0,0.0,0.0,1.0,0.0,0.0,0.0,0.0,0.0,0.0
Mason Holgate,1.0,1.0,0.0,2289,28,2289.0,28.0,2289.0,inf,1.0,0.0,0.0,0.0,0.0,0.0,0.0,0.0,1.0,0.0,0.0,0.0,0.0,0.0,0.0
Mohamed Elneny,1.0,1.0,0.0,1542,23,1542.0,23.0,1542.0,inf,1.0,0.0,0.0,0.0,0.0,0.0,0.0,0.0,0.0,0.0,0.0,0.0,1.0,0.0,0.0
Morgan Gibbs-White,1.0,1.0,0.0,410,11,410.0,11.0,410.0,inf,0.0,1.0,0.0,0.0,0.0,0.0,0.0,0.0,0.0,0.0,0.0,0.0,1.0,0.0,0.0
Moussa Djenepo,1.0,1.0,0.0,1238,27,1238.0,27.0,1238.0,inf,0.0,1.0,0.0,0.0,0.0,0.0,0.0,0.0,1.0,0.0,0.0,0.0,0.0,0.0,0.0
Nathan Aké,1.0,1.0,0.0,797,10,797.0,10.0,797.0,inf,0.0,1.0,0.0,0.0,0.0,0.0,0.0,1.0,0.0,0.0,0.0,0.0,0.0,0.0,0.0
Pascal Struijk,1.0,1.0,0.0,2076,27,2076.0,27.0,2076.0,inf,1.0,0.0,0.0,0.0,0.0,0.0,0.0,1.0,0.0,0.0,0.0,0.0,0.0,0.0,0.0
Paul Dummett,1.0,1.0,0.0,1256,15,1256.0,15.0,1256.0,inf,1.0,0.0,0.0,0.0,0.0,0.0,0.0,1.0,0.0,0.0,0.0,0.0,0.0,0.0,0.0
Ruben Loftus-Cheek,1.0,1.0,0.0,1974,31,1974.0,31.0,1974.0,inf,0.0,1.0,0.0,0.0,0.0,0.0,0.0,0.0,0.0,0.0,0.0,0.0,1.0,0.0,0.0
Rúben Dias,1.0,1.0,0.0,2845,32,2845.0,32.0,2845.0,inf,0.0,1.0,0.0,0.0,0.0,0.0,0.0,1.0,0.0,0.0,0.0,0.0,0.0,0.0,0.0
Scott Dann,1.0,1.0,0.0,1350,15,1350.0,15.0,1350.0,inf,0.0,1.0,0.0,0.0,0.0,0.0,0.0,1.0,0.0,0.0,0.0,0.0,0.0,0.0,0.0
Steven Alzate,1.0,1.0,0.0,897,15,897.0,15.0,897.0,inf,1.0,0.0,0.0,0.0,0.0,0.0,0.0,0.0,0.0,0.0,0.0,0.0,1.0,0.0,0.0
Thiago,1.0,1.0,0.0,1858,24,1858.0,24.0,1858.0,inf,0.0,1.0,0.0,0.0,0.0,0.0,0.0,0.0,0.0,0.0,0.0,0.0,1.0,0.0,0.0
Toby Alderweireld,1.0,1.0,0.0,2241,25,2241.0,25.0,2241.0,inf,0.0,1.0,0.0,0.0,0.0,0.0,0.0,1.0,0.0,0.0,0.0,0.0,0.0,0.0,0.0
Virgil van Dijk,1.0,1.0,0.0,371,5,371.0,5.0,371.0,inf,0.0,1.0,0.0,0.0,0.0,0.0,0.0,1.0,0.0,0.0,0.0,0.0,0.0,0.0,0.0
Yves Bissouma,1.0,1.0,0.0,3114,36,3114.0,36.0,3114.0,inf,1.0,0.0,0.0,0.0,0.0,0.0,0.0,0.0,0.0,0.0,0.0,0.0,1.0,0.0,0.0
